
*** Running vivado
    with args -log TRNG_BOCK_wrapper.vds -m64 -product Vivado -mode batch -messageDb vivado.pb -notrace -source TRNG_BOCK_wrapper.tcl


****** Vivado v2018.2 (64-bit)
  **** SW Build 2258646 on Thu Jun 14 20:03:12 MDT 2018
  **** IP Build 2256618 on Thu Jun 14 22:10:49 MDT 2018
    ** Copyright 1986-2018 Xilinx, Inc. All Rights Reserved.

source TRNG_BOCK_wrapper.tcl -notrace
INFO: [IP_Flow 19-234] Refreshing IP repositories
INFO: [IP_Flow 19-1700] Loaded user IP repository 'c:/Users/Admin/Documents/vivado/exercise/ip_repo/TRNG_IP_1.0'.
INFO: [IP_Flow 19-2313] Loaded Vivado IP repository 'C:/Users/Admin/Documents/vivado/Vivado/2018.2/data/ip'.
Command: synth_design -top TRNG_BOCK_wrapper -part xc7z020clg400-1
Starting synth_design
Attempting to get a license for feature 'Synthesis' and/or device 'xc7z020'
INFO: [Common 17-349] Got license for feature 'Synthesis' and/or device 'xc7z020'
INFO: Launching helper process for spawning children vivado processes
INFO: Helper process launched with PID 86052 
---------------------------------------------------------------------------------
Starting RTL Elaboration : Time (s): cpu = 00:00:06 ; elapsed = 00:00:08 . Memory (MB): peak = 383.441 ; gain = 109.395
---------------------------------------------------------------------------------
INFO: [Synth 8-6157] synthesizing module 'TRNG_BOCK_wrapper' [C:/Users/Admin/Documents/vivado/exercise/TRNG/TRNG.srcs/sources_1/bd/TRNG_BOCK/hdl/TRNG_BOCK_wrapper.v:12]
INFO: [Synth 8-6157] synthesizing module 'TRNG_BOCK' [C:/Users/Admin/Documents/vivado/exercise/TRNG/TRNG.srcs/sources_1/bd/TRNG_BOCK/synth/TRNG_BOCK.v:13]
INFO: [Synth 8-6157] synthesizing module 'TRNG_BOCK_S_TRNG_0_0' [c:/Users/Admin/Documents/vivado/exercise/TRNG/TRNG.srcs/sources_1/bd/TRNG_BOCK/ip/TRNG_BOCK_S_TRNG_0_0/synth/TRNG_BOCK_S_TRNG_0_0.v:58]
INFO: [Synth 8-6157] synthesizing module 'S_TRNG' [C:/Users/Admin/Documents/Chaos_Based_Symmetric_Image_Encryption/TRNG/S_TRNG.v:3]
INFO: [Synth 8-5534] Detected attribute (* keep = "true" *) [C:/Users/Admin/Documents/Chaos_Based_Symmetric_Image_Encryption/TRNG/S_TRNG.v:10]
INFO: [Synth 8-5534] Detected attribute (* keep = "true" *) [C:/Users/Admin/Documents/Chaos_Based_Symmetric_Image_Encryption/TRNG/S_TRNG.v:13]
INFO: [Synth 8-5534] Detected attribute (* keep = "true" *) [C:/Users/Admin/Documents/Chaos_Based_Symmetric_Image_Encryption/TRNG/S_TRNG.v:16]
INFO: [Synth 8-5534] Detected attribute (* keep = "true" *) [C:/Users/Admin/Documents/Chaos_Based_Symmetric_Image_Encryption/TRNG/S_TRNG.v:25]
INFO: [Synth 8-5534] Detected attribute (* keep = "true" *) [C:/Users/Admin/Documents/Chaos_Based_Symmetric_Image_Encryption/TRNG/S_TRNG.v:28]
INFO: [Synth 8-5534] Detected attribute (* keep = "true" *) [C:/Users/Admin/Documents/Chaos_Based_Symmetric_Image_Encryption/TRNG/S_TRNG.v:31]
INFO: [Synth 8-6157] synthesizing module 'sub_ring_1' [C:/Users/Admin/Documents/Chaos_Based_Symmetric_Image_Encryption/TRNG/SUB_RING.v:3]
INFO: [Synth 8-5534] Detected attribute (* dont_touch = "true" *) [C:/Users/Admin/Documents/Chaos_Based_Symmetric_Image_Encryption/TRNG/SUB_RING.v:9]
INFO: [Synth 8-6157] synthesizing module 'LUT2' [C:/Users/Admin/Documents/vivado/Vivado/2018.2/scripts/rt/data/unisim_comp.v:25495]
	Parameter INIT bound to: 4'b0111 
INFO: [Synth 8-6155] done synthesizing module 'LUT2' (1#1) [C:/Users/Admin/Documents/vivado/Vivado/2018.2/scripts/rt/data/unisim_comp.v:25495]
INFO: [Synth 8-6155] done synthesizing module 'sub_ring_1' (2#1) [C:/Users/Admin/Documents/Chaos_Based_Symmetric_Image_Encryption/TRNG/SUB_RING.v:3]
INFO: [Synth 8-6157] synthesizing module 'sub_ring_3' [C:/Users/Admin/Documents/Chaos_Based_Symmetric_Image_Encryption/TRNG/SUB_RING.v:27]
INFO: [Synth 8-5534] Detected attribute (* dont_touch = "true" *) [C:/Users/Admin/Documents/Chaos_Based_Symmetric_Image_Encryption/TRNG/SUB_RING.v:33]
INFO: [Synth 8-6157] synthesizing module 'LUT1' [C:/Users/Admin/Documents/vivado/Vivado/2018.2/scripts/rt/data/unisim_comp.v:25461]
	Parameter INIT bound to: 2'b01 
INFO: [Synth 8-6155] done synthesizing module 'LUT1' (3#1) [C:/Users/Admin/Documents/vivado/Vivado/2018.2/scripts/rt/data/unisim_comp.v:25461]
INFO: [Synth 8-6155] done synthesizing module 'sub_ring_3' (4#1) [C:/Users/Admin/Documents/Chaos_Based_Symmetric_Image_Encryption/TRNG/SUB_RING.v:27]
INFO: [Synth 8-6157] synthesizing module 'LUT2__parameterized0' [C:/Users/Admin/Documents/vivado/Vivado/2018.2/scripts/rt/data/unisim_comp.v:25495]
	Parameter INIT bound to: 4'b0110 
INFO: [Synth 8-6155] done synthesizing module 'LUT2__parameterized0' (4#1) [C:/Users/Admin/Documents/vivado/Vivado/2018.2/scripts/rt/data/unisim_comp.v:25495]
INFO: [Synth 8-6155] done synthesizing module 'S_TRNG' (5#1) [C:/Users/Admin/Documents/Chaos_Based_Symmetric_Image_Encryption/TRNG/S_TRNG.v:3]
INFO: [Synth 8-6155] done synthesizing module 'TRNG_BOCK_S_TRNG_0_0' (6#1) [c:/Users/Admin/Documents/vivado/exercise/TRNG/TRNG.srcs/sources_1/bd/TRNG_BOCK/ip/TRNG_BOCK_S_TRNG_0_0/synth/TRNG_BOCK_S_TRNG_0_0.v:58]
INFO: [Synth 8-6157] synthesizing module 'TRNG_BOCK_TRNG_IP_0_1' [c:/Users/Admin/Documents/vivado/exercise/TRNG/TRNG.srcs/sources_1/bd/TRNG_BOCK/ip/TRNG_BOCK_TRNG_IP_0_1/synth/TRNG_BOCK_TRNG_IP_0_1.v:57]
INFO: [Synth 8-6157] synthesizing module 'TRNG_IP_v1_0' [c:/Users/Admin/Documents/vivado/exercise/TRNG/TRNG.srcs/sources_1/bd/TRNG_BOCK/ipshared/26bf/hdl/TRNG_IP_v1_0.v:4]
	Parameter C_S00_AXI_DATA_WIDTH bound to: 32 - type: integer 
	Parameter C_S00_AXI_ADDR_WIDTH bound to: 4 - type: integer 
INFO: [Synth 8-6157] synthesizing module 'TRNG_IP_v1_0_S00_AXI' [c:/Users/Admin/Documents/vivado/exercise/TRNG/TRNG.srcs/sources_1/bd/TRNG_BOCK/ipshared/26bf/hdl/TRNG_IP_v1_0_S00_AXI.v:3]
	Parameter C_S_AXI_DATA_WIDTH bound to: 32 - type: integer 
	Parameter C_S_AXI_ADDR_WIDTH bound to: 4 - type: integer 
	Parameter ADDR_LSB bound to: 2 - type: integer 
	Parameter OPT_MEM_ADDR_BITS bound to: 1 - type: integer 
INFO: [Synth 8-226] default block is never used [c:/Users/Admin/Documents/vivado/exercise/TRNG/TRNG.srcs/sources_1/bd/TRNG_BOCK/ipshared/26bf/hdl/TRNG_IP_v1_0_S00_AXI.v:233]
INFO: [Synth 8-226] default block is never used [c:/Users/Admin/Documents/vivado/exercise/TRNG/TRNG.srcs/sources_1/bd/TRNG_BOCK/ipshared/26bf/hdl/TRNG_IP_v1_0_S00_AXI.v:376]
WARNING: [Synth 8-6014] Unused sequential element slv_reg0_reg was removed.  [c:/Users/Admin/Documents/vivado/exercise/TRNG/TRNG.srcs/sources_1/bd/TRNG_BOCK/ipshared/26bf/hdl/TRNG_IP_v1_0_S00_AXI.v:225]
INFO: [Synth 8-6155] done synthesizing module 'TRNG_IP_v1_0_S00_AXI' (7#1) [c:/Users/Admin/Documents/vivado/exercise/TRNG/TRNG.srcs/sources_1/bd/TRNG_BOCK/ipshared/26bf/hdl/TRNG_IP_v1_0_S00_AXI.v:3]
INFO: [Synth 8-6155] done synthesizing module 'TRNG_IP_v1_0' (8#1) [c:/Users/Admin/Documents/vivado/exercise/TRNG/TRNG.srcs/sources_1/bd/TRNG_BOCK/ipshared/26bf/hdl/TRNG_IP_v1_0.v:4]
INFO: [Synth 8-6155] done synthesizing module 'TRNG_BOCK_TRNG_IP_0_1' (9#1) [c:/Users/Admin/Documents/vivado/exercise/TRNG/TRNG.srcs/sources_1/bd/TRNG_BOCK/ip/TRNG_BOCK_TRNG_IP_0_1/synth/TRNG_BOCK_TRNG_IP_0_1.v:57]
INFO: [Synth 8-6157] synthesizing module 'TRNG_BOCK_processing_system7_0_0' [c:/Users/Admin/Documents/vivado/exercise/TRNG/TRNG.srcs/sources_1/bd/TRNG_BOCK/ip/TRNG_BOCK_processing_system7_0_0/synth/TRNG_BOCK_processing_system7_0_0.v:60]
INFO: [Synth 8-6157] synthesizing module 'processing_system7_v5_5_processing_system7' [c:/Users/Admin/Documents/vivado/exercise/TRNG/TRNG.srcs/sources_1/bd/TRNG_BOCK/ip/TRNG_BOCK_processing_system7_0_0/hdl/verilog/processing_system7_v5_5_processing_system7.v:161]
	Parameter C_USE_DEFAULT_ACP_USER_VAL bound to: 0 - type: integer 
	Parameter C_S_AXI_ACP_ARUSER_VAL bound to: 31 - type: integer 
	Parameter C_S_AXI_ACP_AWUSER_VAL bound to: 31 - type: integer 
	Parameter C_M_AXI_GP0_THREAD_ID_WIDTH bound to: 12 - type: integer 
	Parameter C_M_AXI_GP1_THREAD_ID_WIDTH bound to: 12 - type: integer 
	Parameter C_M_AXI_GP0_ENABLE_STATIC_REMAP bound to: 0 - type: integer 
	Parameter C_M_AXI_GP1_ENABLE_STATIC_REMAP bound to: 0 - type: integer 
	Parameter C_M_AXI_GP0_ID_WIDTH bound to: 12 - type: integer 
	Parameter C_M_AXI_GP1_ID_WIDTH bound to: 12 - type: integer 
	Parameter C_S_AXI_GP0_ID_WIDTH bound to: 6 - type: integer 
	Parameter C_S_AXI_GP1_ID_WIDTH bound to: 6 - type: integer 
	Parameter C_S_AXI_HP0_ID_WIDTH bound to: 6 - type: integer 
	Parameter C_S_AXI_HP1_ID_WIDTH bound to: 6 - type: integer 
	Parameter C_S_AXI_HP2_ID_WIDTH bound to: 6 - type: integer 
	Parameter C_S_AXI_HP3_ID_WIDTH bound to: 6 - type: integer 
	Parameter C_S_AXI_ACP_ID_WIDTH bound to: 3 - type: integer 
	Parameter C_S_AXI_HP0_DATA_WIDTH bound to: 64 - type: integer 
	Parameter C_S_AXI_HP1_DATA_WIDTH bound to: 64 - type: integer 
	Parameter C_S_AXI_HP2_DATA_WIDTH bound to: 64 - type: integer 
	Parameter C_S_AXI_HP3_DATA_WIDTH bound to: 64 - type: integer 
	Parameter C_INCLUDE_ACP_TRANS_CHECK bound to: 0 - type: integer 
	Parameter C_NUM_F2P_INTR_INPUTS bound to: 1 - type: integer 
	Parameter C_FCLK_CLK0_BUF bound to: TRUE - type: string 
	Parameter C_FCLK_CLK1_BUF bound to: FALSE - type: string 
	Parameter C_FCLK_CLK2_BUF bound to: FALSE - type: string 
	Parameter C_FCLK_CLK3_BUF bound to: FALSE - type: string 
	Parameter C_EMIO_GPIO_WIDTH bound to: 64 - type: integer 
	Parameter C_INCLUDE_TRACE_BUFFER bound to: 0 - type: integer 
	Parameter C_TRACE_BUFFER_FIFO_SIZE bound to: 128 - type: integer 
	Parameter C_TRACE_BUFFER_CLOCK_DELAY bound to: 12 - type: integer 
	Parameter USE_TRACE_DATA_EDGE_DETECTOR bound to: 0 - type: integer 
	Parameter C_TRACE_PIPELINE_WIDTH bound to: 8 - type: integer 
	Parameter C_PS7_SI_REV bound to: PRODUCTION - type: string 
	Parameter C_EN_EMIO_ENET0 bound to: 0 - type: integer 
	Parameter C_EN_EMIO_ENET1 bound to: 0 - type: integer 
	Parameter C_EN_EMIO_TRACE bound to: 0 - type: integer 
	Parameter C_DQ_WIDTH bound to: 32 - type: integer 
	Parameter C_DQS_WIDTH bound to: 4 - type: integer 
	Parameter C_DM_WIDTH bound to: 4 - type: integer 
	Parameter C_MIO_PRIMITIVE bound to: 54 - type: integer 
	Parameter C_PACKAGE_NAME bound to: clg400 - type: string 
	Parameter C_IRQ_F2P_MODE bound to: DIRECT - type: string 
	Parameter C_TRACE_INTERNAL_WIDTH bound to: 2 - type: integer 
	Parameter C_EN_EMIO_PJTAG bound to: 0 - type: integer 
	Parameter C_USE_AXI_NONSECURE bound to: 0 - type: integer 
	Parameter C_USE_S_AXI_HP0 bound to: 0 - type: integer 
	Parameter C_USE_S_AXI_HP1 bound to: 0 - type: integer 
	Parameter C_USE_S_AXI_HP2 bound to: 0 - type: integer 
	Parameter C_USE_S_AXI_HP3 bound to: 0 - type: integer 
	Parameter C_USE_M_AXI_GP0 bound to: 1 - type: integer 
	Parameter C_USE_M_AXI_GP1 bound to: 0 - type: integer 
	Parameter C_USE_S_AXI_GP0 bound to: 0 - type: integer 
	Parameter C_USE_S_AXI_GP1 bound to: 0 - type: integer 
	Parameter C_USE_S_AXI_ACP bound to: 0 - type: integer 
	Parameter C_GP0_EN_MODIFIABLE_TXN bound to: 1 - type: integer 
	Parameter C_GP1_EN_MODIFIABLE_TXN bound to: 1 - type: integer 
INFO: [Synth 8-5534] Detected attribute (* keep = "true" *) [c:/Users/Admin/Documents/vivado/exercise/TRNG/TRNG.srcs/sources_1/bd/TRNG_BOCK/ip/TRNG_BOCK_processing_system7_0_0/hdl/verilog/processing_system7_v5_5_processing_system7.v:1347]
INFO: [Synth 8-5534] Detected attribute (* keep = "true" *) [c:/Users/Admin/Documents/vivado/exercise/TRNG/TRNG.srcs/sources_1/bd/TRNG_BOCK/ip/TRNG_BOCK_processing_system7_0_0/hdl/verilog/processing_system7_v5_5_processing_system7.v:1348]
INFO: [Synth 8-6157] synthesizing module 'BUFG' [C:/Users/Admin/Documents/vivado/Vivado/2018.2/scripts/rt/data/unisim_comp.v:609]
INFO: [Synth 8-6155] done synthesizing module 'BUFG' (10#1) [C:/Users/Admin/Documents/vivado/Vivado/2018.2/scripts/rt/data/unisim_comp.v:609]
INFO: [Synth 8-6157] synthesizing module 'BIBUF' [C:/Users/Admin/Documents/vivado/Vivado/2018.2/scripts/rt/data/unisim_comp.v:270]
INFO: [Synth 8-6155] done synthesizing module 'BIBUF' (11#1) [C:/Users/Admin/Documents/vivado/Vivado/2018.2/scripts/rt/data/unisim_comp.v:270]
INFO: [Synth 8-6157] synthesizing module 'PS7' [C:/Users/Admin/Documents/vivado/Vivado/2018.2/scripts/rt/data/unisim_comp.v:40565]
INFO: [Synth 8-6155] done synthesizing module 'PS7' (12#1) [C:/Users/Admin/Documents/vivado/Vivado/2018.2/scripts/rt/data/unisim_comp.v:40565]
INFO: [Synth 8-6155] done synthesizing module 'processing_system7_v5_5_processing_system7' (13#1) [c:/Users/Admin/Documents/vivado/exercise/TRNG/TRNG.srcs/sources_1/bd/TRNG_BOCK/ip/TRNG_BOCK_processing_system7_0_0/hdl/verilog/processing_system7_v5_5_processing_system7.v:161]
WARNING: [Synth 8-350] instance 'inst' of module 'processing_system7_v5_5_processing_system7' requires 685 connections, but only 672 given [c:/Users/Admin/Documents/vivado/exercise/TRNG/TRNG.srcs/sources_1/bd/TRNG_BOCK/ip/TRNG_BOCK_processing_system7_0_0/synth/TRNG_BOCK_processing_system7_0_0.v:323]
INFO: [Synth 8-6155] done synthesizing module 'TRNG_BOCK_processing_system7_0_0' (14#1) [c:/Users/Admin/Documents/vivado/exercise/TRNG/TRNG.srcs/sources_1/bd/TRNG_BOCK/ip/TRNG_BOCK_processing_system7_0_0/synth/TRNG_BOCK_processing_system7_0_0.v:60]
WARNING: [Synth 8-350] instance 'processing_system7_0' of module 'TRNG_BOCK_processing_system7_0_0' requires 65 connections, but only 63 given [C:/Users/Admin/Documents/vivado/exercise/TRNG/TRNG.srcs/sources_1/bd/TRNG_BOCK/synth/TRNG_BOCK.v:170]
INFO: [Synth 8-6157] synthesizing module 'TRNG_BOCK_ps7_0_axi_periph_0' [C:/Users/Admin/Documents/vivado/exercise/TRNG/TRNG.srcs/sources_1/bd/TRNG_BOCK/synth/TRNG_BOCK.v:308]
INFO: [Synth 8-6157] synthesizing module 's00_couplers_imp_1QMCIBD' [C:/Users/Admin/Documents/vivado/exercise/TRNG/TRNG.srcs/sources_1/bd/TRNG_BOCK/synth/TRNG_BOCK.v:623]
INFO: [Synth 8-6157] synthesizing module 'TRNG_BOCK_auto_pc_0' [c:/Users/Admin/Documents/vivado/exercise/TRNG/TRNG.srcs/sources_1/bd/TRNG_BOCK/ip/TRNG_BOCK_auto_pc_0/synth/TRNG_BOCK_auto_pc_0.v:58]
INFO: [Synth 8-6157] synthesizing module 'axi_protocol_converter_v2_1_17_axi_protocol_converter' [c:/Users/Admin/Documents/vivado/exercise/TRNG/TRNG.srcs/sources_1/bd/TRNG_BOCK/ipshared/ccfb/hdl/axi_protocol_converter_v2_1_vl_rfs.v:4811]
	Parameter C_FAMILY bound to: zynq - type: string 
	Parameter C_M_AXI_PROTOCOL bound to: 2 - type: integer 
	Parameter C_S_AXI_PROTOCOL bound to: 1 - type: integer 
	Parameter C_IGNORE_ID bound to: 0 - type: integer 
	Parameter C_AXI_ID_WIDTH bound to: 12 - type: integer 
	Parameter C_AXI_ADDR_WIDTH bound to: 32 - type: integer 
	Parameter C_AXI_DATA_WIDTH bound to: 32 - type: integer 
	Parameter C_AXI_SUPPORTS_WRITE bound to: 1 - type: integer 
	Parameter C_AXI_SUPPORTS_READ bound to: 1 - type: integer 
	Parameter C_AXI_SUPPORTS_USER_SIGNALS bound to: 0 - type: integer 
	Parameter C_AXI_AWUSER_WIDTH bound to: 1 - type: integer 
	Parameter C_AXI_ARUSER_WIDTH bound to: 1 - type: integer 
	Parameter C_AXI_WUSER_WIDTH bound to: 1 - type: integer 
	Parameter C_AXI_RUSER_WIDTH bound to: 1 - type: integer 
	Parameter C_AXI_BUSER_WIDTH bound to: 1 - type: integer 
	Parameter C_TRANSLATION_MODE bound to: 2 - type: integer 
	Parameter P_AXI4 bound to: 0 - type: integer 
	Parameter P_AXI3 bound to: 1 - type: integer 
	Parameter P_AXILITE bound to: 2 - type: integer 
	Parameter P_AXILITE_SIZE bound to: 3'b010 
	Parameter P_INCR bound to: 2'b01 
	Parameter P_DECERR bound to: 2'b11 
	Parameter P_SLVERR bound to: 2'b10 
	Parameter P_PROTECTION bound to: 1 - type: integer 
	Parameter P_CONVERSION bound to: 2 - type: integer 
INFO: [Synth 8-6157] synthesizing module 'axi_protocol_converter_v2_1_17_b2s' [c:/Users/Admin/Documents/vivado/exercise/TRNG/TRNG.srcs/sources_1/bd/TRNG_BOCK/ipshared/ccfb/hdl/axi_protocol_converter_v2_1_vl_rfs.v:4229]
	Parameter C_S_AXI_PROTOCOL bound to: 1 - type: integer 
	Parameter C_AXI_ID_WIDTH bound to: 12 - type: integer 
	Parameter C_AXI_ADDR_WIDTH bound to: 32 - type: integer 
	Parameter C_AXI_DATA_WIDTH bound to: 32 - type: integer 
	Parameter C_AXI_SUPPORTS_WRITE bound to: 1 - type: integer 
	Parameter C_AXI_SUPPORTS_READ bound to: 1 - type: integer 
INFO: [Synth 8-6157] synthesizing module 'axi_protocol_converter_v2_1_17_b2s_aw_channel' [c:/Users/Admin/Documents/vivado/exercise/TRNG/TRNG.srcs/sources_1/bd/TRNG_BOCK/ipshared/ccfb/hdl/axi_protocol_converter_v2_1_vl_rfs.v:3974]
	Parameter C_ID_WIDTH bound to: 12 - type: integer 
	Parameter C_AXI_ADDR_WIDTH bound to: 32 - type: integer 
INFO: [Synth 8-6157] synthesizing module 'axi_protocol_converter_v2_1_17_b2s_cmd_translator' [c:/Users/Admin/Documents/vivado/exercise/TRNG/TRNG.srcs/sources_1/bd/TRNG_BOCK/ipshared/ccfb/hdl/axi_protocol_converter_v2_1_vl_rfs.v:3467]
	Parameter C_AXI_ADDR_WIDTH bound to: 32 - type: integer 
	Parameter P_AXBURST_FIXED bound to: 2'b00 
	Parameter P_AXBURST_INCR bound to: 2'b01 
	Parameter P_AXBURST_WRAP bound to: 2'b10 
INFO: [Synth 8-6157] synthesizing module 'axi_protocol_converter_v2_1_17_b2s_incr_cmd' [c:/Users/Admin/Documents/vivado/exercise/TRNG/TRNG.srcs/sources_1/bd/TRNG_BOCK/ipshared/ccfb/hdl/axi_protocol_converter_v2_1_vl_rfs.v:3093]
	Parameter C_AXI_ADDR_WIDTH bound to: 32 - type: integer 
	Parameter L_AXI_ADDR_LOW_BIT bound to: 12 - type: integer 
INFO: [Synth 8-6155] done synthesizing module 'axi_protocol_converter_v2_1_17_b2s_incr_cmd' (15#1) [c:/Users/Admin/Documents/vivado/exercise/TRNG/TRNG.srcs/sources_1/bd/TRNG_BOCK/ipshared/ccfb/hdl/axi_protocol_converter_v2_1_vl_rfs.v:3093]
INFO: [Synth 8-6157] synthesizing module 'axi_protocol_converter_v2_1_17_b2s_wrap_cmd' [c:/Users/Admin/Documents/vivado/exercise/TRNG/TRNG.srcs/sources_1/bd/TRNG_BOCK/ipshared/ccfb/hdl/axi_protocol_converter_v2_1_vl_rfs.v:2903]
	Parameter C_AXI_ADDR_WIDTH bound to: 32 - type: integer 
	Parameter L_AXI_ADDR_LOW_BIT bound to: 12 - type: integer 
INFO: [Synth 8-6155] done synthesizing module 'axi_protocol_converter_v2_1_17_b2s_wrap_cmd' (16#1) [c:/Users/Admin/Documents/vivado/exercise/TRNG/TRNG.srcs/sources_1/bd/TRNG_BOCK/ipshared/ccfb/hdl/axi_protocol_converter_v2_1_vl_rfs.v:2903]
INFO: [Synth 8-6155] done synthesizing module 'axi_protocol_converter_v2_1_17_b2s_cmd_translator' (17#1) [c:/Users/Admin/Documents/vivado/exercise/TRNG/TRNG.srcs/sources_1/bd/TRNG_BOCK/ipshared/ccfb/hdl/axi_protocol_converter_v2_1_vl_rfs.v:3467]
INFO: [Synth 8-6157] synthesizing module 'axi_protocol_converter_v2_1_17_b2s_wr_cmd_fsm' [c:/Users/Admin/Documents/vivado/exercise/TRNG/TRNG.srcs/sources_1/bd/TRNG_BOCK/ipshared/ccfb/hdl/axi_protocol_converter_v2_1_vl_rfs.v:3225]
	Parameter SM_IDLE bound to: 2'b00 
	Parameter SM_CMD_EN bound to: 2'b01 
	Parameter SM_CMD_ACCEPTED bound to: 2'b10 
	Parameter SM_DONE_WAIT bound to: 2'b11 
INFO: [Synth 8-226] default block is never used [c:/Users/Admin/Documents/vivado/exercise/TRNG/TRNG.srcs/sources_1/bd/TRNG_BOCK/ipshared/ccfb/hdl/axi_protocol_converter_v2_1_vl_rfs.v:3279]
INFO: [Synth 8-6155] done synthesizing module 'axi_protocol_converter_v2_1_17_b2s_wr_cmd_fsm' (18#1) [c:/Users/Admin/Documents/vivado/exercise/TRNG/TRNG.srcs/sources_1/bd/TRNG_BOCK/ipshared/ccfb/hdl/axi_protocol_converter_v2_1_vl_rfs.v:3225]
INFO: [Synth 8-6155] done synthesizing module 'axi_protocol_converter_v2_1_17_b2s_aw_channel' (19#1) [c:/Users/Admin/Documents/vivado/exercise/TRNG/TRNG.srcs/sources_1/bd/TRNG_BOCK/ipshared/ccfb/hdl/axi_protocol_converter_v2_1_vl_rfs.v:3974]
INFO: [Synth 8-6157] synthesizing module 'axi_protocol_converter_v2_1_17_b2s_b_channel' [c:/Users/Admin/Documents/vivado/exercise/TRNG/TRNG.srcs/sources_1/bd/TRNG_BOCK/ipshared/ccfb/hdl/axi_protocol_converter_v2_1_vl_rfs.v:3609]
	Parameter C_ID_WIDTH bound to: 12 - type: integer 
	Parameter LP_RESP_OKAY bound to: 2'b00 
	Parameter LP_RESP_EXOKAY bound to: 2'b01 
	Parameter LP_RESP_SLVERROR bound to: 2'b10 
	Parameter LP_RESP_DECERR bound to: 2'b11 
	Parameter P_WIDTH bound to: 20 - type: integer 
	Parameter P_DEPTH bound to: 4 - type: integer 
	Parameter P_AWIDTH bound to: 2 - type: integer 
	Parameter P_RWIDTH bound to: 2 - type: integer 
	Parameter P_RDEPTH bound to: 4 - type: integer 
	Parameter P_RAWIDTH bound to: 2 - type: integer 
INFO: [Synth 8-6157] synthesizing module 'axi_protocol_converter_v2_1_17_b2s_simple_fifo' [c:/Users/Admin/Documents/vivado/exercise/TRNG/TRNG.srcs/sources_1/bd/TRNG_BOCK/ipshared/ccfb/hdl/axi_protocol_converter_v2_1_vl_rfs.v:2816]
	Parameter C_WIDTH bound to: 20 - type: integer 
	Parameter C_AWIDTH bound to: 2 - type: integer 
	Parameter C_DEPTH bound to: 4 - type: integer 
	Parameter C_EMPTY bound to: 2'b11 
	Parameter C_EMPTY_PRE bound to: 2'b00 
	Parameter C_FULL bound to: 2'b10 
	Parameter C_FULL_PRE bound to: 2'b01 
INFO: [Synth 8-6155] done synthesizing module 'axi_protocol_converter_v2_1_17_b2s_simple_fifo' (20#1) [c:/Users/Admin/Documents/vivado/exercise/TRNG/TRNG.srcs/sources_1/bd/TRNG_BOCK/ipshared/ccfb/hdl/axi_protocol_converter_v2_1_vl_rfs.v:2816]
INFO: [Synth 8-6157] synthesizing module 'axi_protocol_converter_v2_1_17_b2s_simple_fifo__parameterized0' [c:/Users/Admin/Documents/vivado/exercise/TRNG/TRNG.srcs/sources_1/bd/TRNG_BOCK/ipshared/ccfb/hdl/axi_protocol_converter_v2_1_vl_rfs.v:2816]
	Parameter C_WIDTH bound to: 2 - type: integer 
	Parameter C_AWIDTH bound to: 2 - type: integer 
	Parameter C_DEPTH bound to: 4 - type: integer 
	Parameter C_EMPTY bound to: 2'b11 
	Parameter C_EMPTY_PRE bound to: 2'b00 
	Parameter C_FULL bound to: 2'b10 
	Parameter C_FULL_PRE bound to: 2'b01 
INFO: [Synth 8-6155] done synthesizing module 'axi_protocol_converter_v2_1_17_b2s_simple_fifo__parameterized0' (20#1) [c:/Users/Admin/Documents/vivado/exercise/TRNG/TRNG.srcs/sources_1/bd/TRNG_BOCK/ipshared/ccfb/hdl/axi_protocol_converter_v2_1_vl_rfs.v:2816]
INFO: [Synth 8-6155] done synthesizing module 'axi_protocol_converter_v2_1_17_b2s_b_channel' (21#1) [c:/Users/Admin/Documents/vivado/exercise/TRNG/TRNG.srcs/sources_1/bd/TRNG_BOCK/ipshared/ccfb/hdl/axi_protocol_converter_v2_1_vl_rfs.v:3609]
INFO: [Synth 8-6157] synthesizing module 'axi_protocol_converter_v2_1_17_b2s_ar_channel' [c:/Users/Admin/Documents/vivado/exercise/TRNG/TRNG.srcs/sources_1/bd/TRNG_BOCK/ipshared/ccfb/hdl/axi_protocol_converter_v2_1_vl_rfs.v:4085]
	Parameter C_ID_WIDTH bound to: 12 - type: integer 
	Parameter C_AXI_ADDR_WIDTH bound to: 32 - type: integer 
INFO: [Synth 8-6157] synthesizing module 'axi_protocol_converter_v2_1_17_b2s_rd_cmd_fsm' [c:/Users/Admin/Documents/vivado/exercise/TRNG/TRNG.srcs/sources_1/bd/TRNG_BOCK/ipshared/ccfb/hdl/axi_protocol_converter_v2_1_vl_rfs.v:3336]
	Parameter SM_IDLE bound to: 2'b00 
	Parameter SM_CMD_EN bound to: 2'b01 
	Parameter SM_CMD_ACCEPTED bound to: 2'b10 
	Parameter SM_DONE bound to: 2'b11 
INFO: [Synth 8-226] default block is never used [c:/Users/Admin/Documents/vivado/exercise/TRNG/TRNG.srcs/sources_1/bd/TRNG_BOCK/ipshared/ccfb/hdl/axi_protocol_converter_v2_1_vl_rfs.v:3398]
WARNING: [Synth 8-6014] Unused sequential element state_r1_reg was removed.  [c:/Users/Admin/Documents/vivado/exercise/TRNG/TRNG.srcs/sources_1/bd/TRNG_BOCK/ipshared/ccfb/hdl/axi_protocol_converter_v2_1_vl_rfs.v:3386]
WARNING: [Synth 8-6014] Unused sequential element s_arlen_r_reg was removed.  [c:/Users/Admin/Documents/vivado/exercise/TRNG/TRNG.srcs/sources_1/bd/TRNG_BOCK/ipshared/ccfb/hdl/axi_protocol_converter_v2_1_vl_rfs.v:3387]
INFO: [Synth 8-6155] done synthesizing module 'axi_protocol_converter_v2_1_17_b2s_rd_cmd_fsm' (22#1) [c:/Users/Admin/Documents/vivado/exercise/TRNG/TRNG.srcs/sources_1/bd/TRNG_BOCK/ipshared/ccfb/hdl/axi_protocol_converter_v2_1_vl_rfs.v:3336]
INFO: [Synth 8-6155] done synthesizing module 'axi_protocol_converter_v2_1_17_b2s_ar_channel' (23#1) [c:/Users/Admin/Documents/vivado/exercise/TRNG/TRNG.srcs/sources_1/bd/TRNG_BOCK/ipshared/ccfb/hdl/axi_protocol_converter_v2_1_vl_rfs.v:4085]
INFO: [Synth 8-6157] synthesizing module 'axi_protocol_converter_v2_1_17_b2s_r_channel' [c:/Users/Admin/Documents/vivado/exercise/TRNG/TRNG.srcs/sources_1/bd/TRNG_BOCK/ipshared/ccfb/hdl/axi_protocol_converter_v2_1_vl_rfs.v:3814]
	Parameter C_ID_WIDTH bound to: 12 - type: integer 
	Parameter C_DATA_WIDTH bound to: 32 - type: integer 
	Parameter P_WIDTH bound to: 13 - type: integer 
	Parameter P_DEPTH bound to: 32 - type: integer 
	Parameter P_AWIDTH bound to: 5 - type: integer 
	Parameter P_D_WIDTH bound to: 34 - type: integer 
	Parameter P_D_DEPTH bound to: 32 - type: integer 
	Parameter P_D_AWIDTH bound to: 5 - type: integer 
INFO: [Synth 8-6157] synthesizing module 'axi_protocol_converter_v2_1_17_b2s_simple_fifo__parameterized1' [c:/Users/Admin/Documents/vivado/exercise/TRNG/TRNG.srcs/sources_1/bd/TRNG_BOCK/ipshared/ccfb/hdl/axi_protocol_converter_v2_1_vl_rfs.v:2816]
	Parameter C_WIDTH bound to: 34 - type: integer 
	Parameter C_AWIDTH bound to: 5 - type: integer 
	Parameter C_DEPTH bound to: 32 - type: integer 
	Parameter C_EMPTY bound to: 5'b11111 
	Parameter C_EMPTY_PRE bound to: 5'b00000 
	Parameter C_FULL bound to: 5'b11110 
	Parameter C_FULL_PRE bound to: 5'b11010 
INFO: [Synth 8-6155] done synthesizing module 'axi_protocol_converter_v2_1_17_b2s_simple_fifo__parameterized1' (23#1) [c:/Users/Admin/Documents/vivado/exercise/TRNG/TRNG.srcs/sources_1/bd/TRNG_BOCK/ipshared/ccfb/hdl/axi_protocol_converter_v2_1_vl_rfs.v:2816]
INFO: [Synth 8-6157] synthesizing module 'axi_protocol_converter_v2_1_17_b2s_simple_fifo__parameterized2' [c:/Users/Admin/Documents/vivado/exercise/TRNG/TRNG.srcs/sources_1/bd/TRNG_BOCK/ipshared/ccfb/hdl/axi_protocol_converter_v2_1_vl_rfs.v:2816]
	Parameter C_WIDTH bound to: 13 - type: integer 
	Parameter C_AWIDTH bound to: 5 - type: integer 
	Parameter C_DEPTH bound to: 32 - type: integer 
	Parameter C_EMPTY bound to: 5'b11111 
	Parameter C_EMPTY_PRE bound to: 5'b00000 
	Parameter C_FULL bound to: 5'b11110 
	Parameter C_FULL_PRE bound to: 5'b11010 
INFO: [Synth 8-6155] done synthesizing module 'axi_protocol_converter_v2_1_17_b2s_simple_fifo__parameterized2' (23#1) [c:/Users/Admin/Documents/vivado/exercise/TRNG/TRNG.srcs/sources_1/bd/TRNG_BOCK/ipshared/ccfb/hdl/axi_protocol_converter_v2_1_vl_rfs.v:2816]
INFO: [Synth 8-6155] done synthesizing module 'axi_protocol_converter_v2_1_17_b2s_r_channel' (24#1) [c:/Users/Admin/Documents/vivado/exercise/TRNG/TRNG.srcs/sources_1/bd/TRNG_BOCK/ipshared/ccfb/hdl/axi_protocol_converter_v2_1_vl_rfs.v:3814]
INFO: [Synth 8-6157] synthesizing module 'axi_register_slice_v2_1_17_axi_register_slice' [c:/Users/Admin/Documents/vivado/exercise/TRNG/TRNG.srcs/sources_1/bd/TRNG_BOCK/ipshared/6020/hdl/axi_register_slice_v2_1_vl_rfs.v:2417]
	Parameter C_FAMILY bound to: virtex6 - type: string 
	Parameter C_AXI_PROTOCOL bound to: 1 - type: integer 
	Parameter C_AXI_ID_WIDTH bound to: 12 - type: integer 
	Parameter C_AXI_ADDR_WIDTH bound to: 32 - type: integer 
	Parameter C_AXI_DATA_WIDTH bound to: 32 - type: integer 
	Parameter C_AXI_SUPPORTS_USER_SIGNALS bound to: 0 - type: integer 
	Parameter C_AXI_AWUSER_WIDTH bound to: 1 - type: integer 
	Parameter C_AXI_ARUSER_WIDTH bound to: 1 - type: integer 
	Parameter C_AXI_WUSER_WIDTH bound to: 1 - type: integer 
	Parameter C_AXI_RUSER_WIDTH bound to: 1 - type: integer 
	Parameter C_AXI_BUSER_WIDTH bound to: 1 - type: integer 
	Parameter C_REG_CONFIG_AW bound to: 1 - type: integer 
	Parameter C_REG_CONFIG_W bound to: 0 - type: integer 
	Parameter C_REG_CONFIG_B bound to: 1 - type: integer 
	Parameter C_REG_CONFIG_AR bound to: 1 - type: integer 
	Parameter C_REG_CONFIG_R bound to: 1 - type: integer 
	Parameter C_NUM_SLR_CROSSINGS bound to: 0 - type: integer 
	Parameter C_PIPELINES_MASTER_AW bound to: 0 - type: integer 
	Parameter C_PIPELINES_MASTER_W bound to: 0 - type: integer 
	Parameter C_PIPELINES_MASTER_B bound to: 0 - type: integer 
	Parameter C_PIPELINES_MASTER_AR bound to: 0 - type: integer 
	Parameter C_PIPELINES_MASTER_R bound to: 0 - type: integer 
	Parameter C_PIPELINES_SLAVE_AW bound to: 0 - type: integer 
	Parameter C_PIPELINES_SLAVE_W bound to: 0 - type: integer 
	Parameter C_PIPELINES_SLAVE_B bound to: 0 - type: integer 
	Parameter C_PIPELINES_SLAVE_AR bound to: 0 - type: integer 
	Parameter C_PIPELINES_SLAVE_R bound to: 0 - type: integer 
	Parameter C_PIPELINES_MIDDLE_AW bound to: 0 - type: integer 
	Parameter C_PIPELINES_MIDDLE_W bound to: 0 - type: integer 
	Parameter C_PIPELINES_MIDDLE_B bound to: 0 - type: integer 
	Parameter C_PIPELINES_MIDDLE_AR bound to: 0 - type: integer 
	Parameter C_PIPELINES_MIDDLE_R bound to: 0 - type: integer 
	Parameter C_AXI_SUPPORTS_REGION_SIGNALS bound to: 0 - type: integer 
	Parameter P_FORWARD bound to: 0 - type: integer 
	Parameter P_RESPONSE bound to: 1 - type: integer 
	Parameter G_AXI_AWADDR_INDEX bound to: 0 - type: integer 
	Parameter G_AXI_AWADDR_WIDTH bound to: 32 - type: integer 
	Parameter G_AXI_AWPROT_INDEX bound to: 32 - type: integer 
	Parameter G_AXI_AWPROT_WIDTH bound to: 3 - type: integer 
	Parameter G_AXI_AWSIZE_INDEX bound to: 35 - type: integer 
	Parameter G_AXI_AWSIZE_WIDTH bound to: 3 - type: integer 
	Parameter G_AXI_AWBURST_INDEX bound to: 38 - type: integer 
	Parameter G_AXI_AWBURST_WIDTH bound to: 2 - type: integer 
	Parameter G_AXI_AWCACHE_INDEX bound to: 40 - type: integer 
	Parameter G_AXI_AWCACHE_WIDTH bound to: 4 - type: integer 
	Parameter G_AXI_AWLEN_INDEX bound to: 44 - type: integer 
	Parameter G_AXI_AWLEN_WIDTH bound to: 4 - type: integer 
	Parameter G_AXI_AWLOCK_INDEX bound to: 48 - type: integer 
	Parameter G_AXI_AWLOCK_WIDTH bound to: 2 - type: integer 
	Parameter G_AXI_AWID_INDEX bound to: 50 - type: integer 
	Parameter G_AXI_AWID_WIDTH bound to: 12 - type: integer 
	Parameter G_AXI_AWQOS_INDEX bound to: 62 - type: integer 
	Parameter G_AXI_AWQOS_WIDTH bound to: 4 - type: integer 
	Parameter G_AXI_AWREGION_INDEX bound to: 66 - type: integer 
	Parameter G_AXI_AWREGION_WIDTH bound to: 0 - type: integer 
	Parameter G_AXI_AWUSER_INDEX bound to: 66 - type: integer 
	Parameter G_AXI_AWUSER_WIDTH bound to: 0 - type: integer 
	Parameter G_AXI_AWPAYLOAD_WIDTH bound to: 66 - type: integer 
	Parameter G_AXI_ARADDR_INDEX bound to: 0 - type: integer 
	Parameter G_AXI_ARADDR_WIDTH bound to: 32 - type: integer 
	Parameter G_AXI_ARPROT_INDEX bound to: 32 - type: integer 
	Parameter G_AXI_ARPROT_WIDTH bound to: 3 - type: integer 
	Parameter G_AXI_ARSIZE_INDEX bound to: 35 - type: integer 
	Parameter G_AXI_ARSIZE_WIDTH bound to: 3 - type: integer 
	Parameter G_AXI_ARBURST_INDEX bound to: 38 - type: integer 
	Parameter G_AXI_ARBURST_WIDTH bound to: 2 - type: integer 
	Parameter G_AXI_ARCACHE_INDEX bound to: 40 - type: integer 
	Parameter G_AXI_ARCACHE_WIDTH bound to: 4 - type: integer 
	Parameter G_AXI_ARLEN_INDEX bound to: 44 - type: integer 
	Parameter G_AXI_ARLEN_WIDTH bound to: 4 - type: integer 
	Parameter G_AXI_ARLOCK_INDEX bound to: 48 - type: integer 
	Parameter G_AXI_ARLOCK_WIDTH bound to: 2 - type: integer 
	Parameter G_AXI_ARID_INDEX bound to: 50 - type: integer 
	Parameter G_AXI_ARID_WIDTH bound to: 12 - type: integer 
	Parameter G_AXI_ARQOS_INDEX bound to: 62 - type: integer 
	Parameter G_AXI_ARQOS_WIDTH bound to: 4 - type: integer 
	Parameter G_AXI_ARREGION_INDEX bound to: 66 - type: integer 
	Parameter G_AXI_ARREGION_WIDTH bound to: 0 - type: integer 
	Parameter G_AXI_ARUSER_INDEX bound to: 66 - type: integer 
	Parameter G_AXI_ARUSER_WIDTH bound to: 0 - type: integer 
	Parameter G_AXI_ARPAYLOAD_WIDTH bound to: 66 - type: integer 
	Parameter G_AXI_WDATA_INDEX bound to: 0 - type: integer 
	Parameter G_AXI_WDATA_WIDTH bound to: 32 - type: integer 
	Parameter G_AXI_WSTRB_INDEX bound to: 32 - type: integer 
	Parameter G_AXI_WSTRB_WIDTH bound to: 4 - type: integer 
	Parameter G_AXI_WLAST_INDEX bound to: 36 - type: integer 
	Parameter G_AXI_WLAST_WIDTH bound to: 1 - type: integer 
	Parameter G_AXI_WID_INDEX bound to: 37 - type: integer 
	Parameter G_AXI_WID_WIDTH bound to: 12 - type: integer 
	Parameter G_AXI_WUSER_INDEX bound to: 49 - type: integer 
	Parameter G_AXI_WUSER_WIDTH bound to: 0 - type: integer 
	Parameter G_AXI_WPAYLOAD_WIDTH bound to: 49 - type: integer 
	Parameter G_AXI_BRESP_INDEX bound to: 0 - type: integer 
	Parameter G_AXI_BRESP_WIDTH bound to: 2 - type: integer 
	Parameter G_AXI_BID_INDEX bound to: 2 - type: integer 
	Parameter G_AXI_BID_WIDTH bound to: 12 - type: integer 
	Parameter G_AXI_BUSER_INDEX bound to: 14 - type: integer 
	Parameter G_AXI_BUSER_WIDTH bound to: 0 - type: integer 
	Parameter G_AXI_BPAYLOAD_WIDTH bound to: 14 - type: integer 
	Parameter G_AXI_RDATA_INDEX bound to: 0 - type: integer 
	Parameter G_AXI_RDATA_WIDTH bound to: 32 - type: integer 
	Parameter G_AXI_RRESP_INDEX bound to: 32 - type: integer 
	Parameter G_AXI_RRESP_WIDTH bound to: 2 - type: integer 
	Parameter G_AXI_RLAST_INDEX bound to: 34 - type: integer 
	Parameter G_AXI_RLAST_WIDTH bound to: 1 - type: integer 
	Parameter G_AXI_RID_INDEX bound to: 35 - type: integer 
	Parameter G_AXI_RID_WIDTH bound to: 12 - type: integer 
	Parameter G_AXI_RUSER_INDEX bound to: 47 - type: integer 
	Parameter G_AXI_RUSER_WIDTH bound to: 0 - type: integer 
	Parameter G_AXI_RPAYLOAD_WIDTH bound to: 47 - type: integer 
INFO: [Synth 8-6157] synthesizing module 'axi_register_slice_v2_1_17_axic_register_slice' [c:/Users/Admin/Documents/vivado/exercise/TRNG/TRNG.srcs/sources_1/bd/TRNG_BOCK/ipshared/6020/hdl/axi_register_slice_v2_1_vl_rfs.v:189]
	Parameter C_FAMILY bound to: virtex6 - type: string 
	Parameter C_DATA_WIDTH bound to: 66 - type: integer 
	Parameter C_REG_CONFIG bound to: 1 - type: integer 
INFO: [Synth 8-6155] done synthesizing module 'axi_register_slice_v2_1_17_axic_register_slice' (25#1) [c:/Users/Admin/Documents/vivado/exercise/TRNG/TRNG.srcs/sources_1/bd/TRNG_BOCK/ipshared/6020/hdl/axi_register_slice_v2_1_vl_rfs.v:189]
INFO: [Synth 8-6157] synthesizing module 'axi_register_slice_v2_1_17_axic_register_slice__parameterized0' [c:/Users/Admin/Documents/vivado/exercise/TRNG/TRNG.srcs/sources_1/bd/TRNG_BOCK/ipshared/6020/hdl/axi_register_slice_v2_1_vl_rfs.v:189]
	Parameter C_FAMILY bound to: virtex6 - type: string 
	Parameter C_DATA_WIDTH bound to: 49 - type: integer 
	Parameter C_REG_CONFIG bound to: 0 - type: integer 
INFO: [Synth 8-6155] done synthesizing module 'axi_register_slice_v2_1_17_axic_register_slice__parameterized0' (25#1) [c:/Users/Admin/Documents/vivado/exercise/TRNG/TRNG.srcs/sources_1/bd/TRNG_BOCK/ipshared/6020/hdl/axi_register_slice_v2_1_vl_rfs.v:189]
INFO: [Synth 8-6157] synthesizing module 'axi_register_slice_v2_1_17_axic_register_slice__parameterized1' [c:/Users/Admin/Documents/vivado/exercise/TRNG/TRNG.srcs/sources_1/bd/TRNG_BOCK/ipshared/6020/hdl/axi_register_slice_v2_1_vl_rfs.v:189]
	Parameter C_FAMILY bound to: virtex6 - type: string 
	Parameter C_DATA_WIDTH bound to: 14 - type: integer 
	Parameter C_REG_CONFIG bound to: 1 - type: integer 
INFO: [Synth 8-6155] done synthesizing module 'axi_register_slice_v2_1_17_axic_register_slice__parameterized1' (25#1) [c:/Users/Admin/Documents/vivado/exercise/TRNG/TRNG.srcs/sources_1/bd/TRNG_BOCK/ipshared/6020/hdl/axi_register_slice_v2_1_vl_rfs.v:189]
INFO: [Synth 8-6157] synthesizing module 'axi_register_slice_v2_1_17_axic_register_slice__parameterized2' [c:/Users/Admin/Documents/vivado/exercise/TRNG/TRNG.srcs/sources_1/bd/TRNG_BOCK/ipshared/6020/hdl/axi_register_slice_v2_1_vl_rfs.v:189]
	Parameter C_FAMILY bound to: virtex6 - type: string 
	Parameter C_DATA_WIDTH bound to: 47 - type: integer 
	Parameter C_REG_CONFIG bound to: 1 - type: integer 
INFO: [Synth 8-6155] done synthesizing module 'axi_register_slice_v2_1_17_axic_register_slice__parameterized2' (25#1) [c:/Users/Admin/Documents/vivado/exercise/TRNG/TRNG.srcs/sources_1/bd/TRNG_BOCK/ipshared/6020/hdl/axi_register_slice_v2_1_vl_rfs.v:189]
INFO: [Synth 8-6157] synthesizing module 'axi_infrastructure_v1_1_0_axi2vector' [c:/Users/Admin/Documents/vivado/exercise/TRNG/TRNG.srcs/sources_1/bd/TRNG_BOCK/ipshared/ec67/hdl/axi_infrastructure_v1_1_vl_rfs.v:60]
	Parameter C_AXI_PROTOCOL bound to: 1 - type: integer 
	Parameter C_AXI_ID_WIDTH bound to: 12 - type: integer 
	Parameter C_AXI_ADDR_WIDTH bound to: 32 - type: integer 
	Parameter C_AXI_DATA_WIDTH bound to: 32 - type: integer 
	Parameter C_AXI_SUPPORTS_USER_SIGNALS bound to: 0 - type: integer 
	Parameter C_AXI_SUPPORTS_REGION_SIGNALS bound to: 0 - type: integer 
	Parameter C_AXI_AWUSER_WIDTH bound to: 1 - type: integer 
	Parameter C_AXI_WUSER_WIDTH bound to: 1 - type: integer 
	Parameter C_AXI_BUSER_WIDTH bound to: 1 - type: integer 
	Parameter C_AXI_ARUSER_WIDTH bound to: 1 - type: integer 
	Parameter C_AXI_RUSER_WIDTH bound to: 1 - type: integer 
	Parameter C_AWPAYLOAD_WIDTH bound to: 66 - type: integer 
	Parameter C_WPAYLOAD_WIDTH bound to: 49 - type: integer 
	Parameter C_BPAYLOAD_WIDTH bound to: 14 - type: integer 
	Parameter C_ARPAYLOAD_WIDTH bound to: 66 - type: integer 
	Parameter C_RPAYLOAD_WIDTH bound to: 47 - type: integer 
	Parameter G_AXI_AWADDR_INDEX bound to: 0 - type: integer 
	Parameter G_AXI_AWADDR_WIDTH bound to: 32 - type: integer 
	Parameter G_AXI_AWPROT_INDEX bound to: 32 - type: integer 
	Parameter G_AXI_AWPROT_WIDTH bound to: 3 - type: integer 
	Parameter G_AXI_AWSIZE_INDEX bound to: 35 - type: integer 
	Parameter G_AXI_AWSIZE_WIDTH bound to: 3 - type: integer 
	Parameter G_AXI_AWBURST_INDEX bound to: 38 - type: integer 
	Parameter G_AXI_AWBURST_WIDTH bound to: 2 - type: integer 
	Parameter G_AXI_AWCACHE_INDEX bound to: 40 - type: integer 
	Parameter G_AXI_AWCACHE_WIDTH bound to: 4 - type: integer 
	Parameter G_AXI_AWLEN_INDEX bound to: 44 - type: integer 
	Parameter G_AXI_AWLEN_WIDTH bound to: 4 - type: integer 
	Parameter G_AXI_AWLOCK_INDEX bound to: 48 - type: integer 
	Parameter G_AXI_AWLOCK_WIDTH bound to: 2 - type: integer 
	Parameter G_AXI_AWID_INDEX bound to: 50 - type: integer 
	Parameter G_AXI_AWID_WIDTH bound to: 12 - type: integer 
	Parameter G_AXI_AWQOS_INDEX bound to: 62 - type: integer 
	Parameter G_AXI_AWQOS_WIDTH bound to: 4 - type: integer 
	Parameter G_AXI_AWREGION_INDEX bound to: 66 - type: integer 
	Parameter G_AXI_AWREGION_WIDTH bound to: 0 - type: integer 
	Parameter G_AXI_AWUSER_INDEX bound to: 66 - type: integer 
	Parameter G_AXI_AWUSER_WIDTH bound to: 0 - type: integer 
	Parameter G_AXI_AWPAYLOAD_WIDTH bound to: 66 - type: integer 
	Parameter G_AXI_ARADDR_INDEX bound to: 0 - type: integer 
	Parameter G_AXI_ARADDR_WIDTH bound to: 32 - type: integer 
	Parameter G_AXI_ARPROT_INDEX bound to: 32 - type: integer 
	Parameter G_AXI_ARPROT_WIDTH bound to: 3 - type: integer 
	Parameter G_AXI_ARSIZE_INDEX bound to: 35 - type: integer 
	Parameter G_AXI_ARSIZE_WIDTH bound to: 3 - type: integer 
	Parameter G_AXI_ARBURST_INDEX bound to: 38 - type: integer 
	Parameter G_AXI_ARBURST_WIDTH bound to: 2 - type: integer 
	Parameter G_AXI_ARCACHE_INDEX bound to: 40 - type: integer 
	Parameter G_AXI_ARCACHE_WIDTH bound to: 4 - type: integer 
	Parameter G_AXI_ARLEN_INDEX bound to: 44 - type: integer 
	Parameter G_AXI_ARLEN_WIDTH bound to: 4 - type: integer 
	Parameter G_AXI_ARLOCK_INDEX bound to: 48 - type: integer 
	Parameter G_AXI_ARLOCK_WIDTH bound to: 2 - type: integer 
	Parameter G_AXI_ARID_INDEX bound to: 50 - type: integer 
	Parameter G_AXI_ARID_WIDTH bound to: 12 - type: integer 
	Parameter G_AXI_ARQOS_INDEX bound to: 62 - type: integer 
	Parameter G_AXI_ARQOS_WIDTH bound to: 4 - type: integer 
	Parameter G_AXI_ARREGION_INDEX bound to: 66 - type: integer 
	Parameter G_AXI_ARREGION_WIDTH bound to: 0 - type: integer 
	Parameter G_AXI_ARUSER_INDEX bound to: 66 - type: integer 
	Parameter G_AXI_ARUSER_WIDTH bound to: 0 - type: integer 
	Parameter G_AXI_ARPAYLOAD_WIDTH bound to: 66 - type: integer 
	Parameter G_AXI_WDATA_INDEX bound to: 0 - type: integer 
	Parameter G_AXI_WDATA_WIDTH bound to: 32 - type: integer 
	Parameter G_AXI_WSTRB_INDEX bound to: 32 - type: integer 
	Parameter G_AXI_WSTRB_WIDTH bound to: 4 - type: integer 
	Parameter G_AXI_WLAST_INDEX bound to: 36 - type: integer 
	Parameter G_AXI_WLAST_WIDTH bound to: 1 - type: integer 
	Parameter G_AXI_WID_INDEX bound to: 37 - type: integer 
	Parameter G_AXI_WID_WIDTH bound to: 12 - type: integer 
	Parameter G_AXI_WUSER_INDEX bound to: 49 - type: integer 
	Parameter G_AXI_WUSER_WIDTH bound to: 0 - type: integer 
	Parameter G_AXI_WPAYLOAD_WIDTH bound to: 49 - type: integer 
	Parameter G_AXI_BRESP_INDEX bound to: 0 - type: integer 
	Parameter G_AXI_BRESP_WIDTH bound to: 2 - type: integer 
	Parameter G_AXI_BID_INDEX bound to: 2 - type: integer 
	Parameter G_AXI_BID_WIDTH bound to: 12 - type: integer 
	Parameter G_AXI_BUSER_INDEX bound to: 14 - type: integer 
	Parameter G_AXI_BUSER_WIDTH bound to: 0 - type: integer 
	Parameter G_AXI_BPAYLOAD_WIDTH bound to: 14 - type: integer 
	Parameter G_AXI_RDATA_INDEX bound to: 0 - type: integer 
	Parameter G_AXI_RDATA_WIDTH bound to: 32 - type: integer 
	Parameter G_AXI_RRESP_INDEX bound to: 32 - type: integer 
	Parameter G_AXI_RRESP_WIDTH bound to: 2 - type: integer 
	Parameter G_AXI_RLAST_INDEX bound to: 34 - type: integer 
	Parameter G_AXI_RLAST_WIDTH bound to: 1 - type: integer 
	Parameter G_AXI_RID_INDEX bound to: 35 - type: integer 
	Parameter G_AXI_RID_WIDTH bound to: 12 - type: integer 
	Parameter G_AXI_RUSER_INDEX bound to: 47 - type: integer 
	Parameter G_AXI_RUSER_WIDTH bound to: 0 - type: integer 
	Parameter G_AXI_RPAYLOAD_WIDTH bound to: 47 - type: integer 
INFO: [Synth 8-6155] done synthesizing module 'axi_infrastructure_v1_1_0_axi2vector' (26#1) [c:/Users/Admin/Documents/vivado/exercise/TRNG/TRNG.srcs/sources_1/bd/TRNG_BOCK/ipshared/ec67/hdl/axi_infrastructure_v1_1_vl_rfs.v:60]
INFO: [Synth 8-6157] synthesizing module 'axi_infrastructure_v1_1_0_vector2axi' [c:/Users/Admin/Documents/vivado/exercise/TRNG/TRNG.srcs/sources_1/bd/TRNG_BOCK/ipshared/ec67/hdl/axi_infrastructure_v1_1_vl_rfs.v:474]
	Parameter C_AXI_PROTOCOL bound to: 1 - type: integer 
	Parameter C_AXI_ID_WIDTH bound to: 12 - type: integer 
	Parameter C_AXI_ADDR_WIDTH bound to: 32 - type: integer 
	Parameter C_AXI_DATA_WIDTH bound to: 32 - type: integer 
	Parameter C_AXI_SUPPORTS_USER_SIGNALS bound to: 0 - type: integer 
	Parameter C_AXI_SUPPORTS_REGION_SIGNALS bound to: 0 - type: integer 
	Parameter C_AXI_AWUSER_WIDTH bound to: 1 - type: integer 
	Parameter C_AXI_WUSER_WIDTH bound to: 1 - type: integer 
	Parameter C_AXI_BUSER_WIDTH bound to: 1 - type: integer 
	Parameter C_AXI_ARUSER_WIDTH bound to: 1 - type: integer 
	Parameter C_AXI_RUSER_WIDTH bound to: 1 - type: integer 
	Parameter C_AWPAYLOAD_WIDTH bound to: 66 - type: integer 
	Parameter C_WPAYLOAD_WIDTH bound to: 49 - type: integer 
	Parameter C_BPAYLOAD_WIDTH bound to: 14 - type: integer 
	Parameter C_ARPAYLOAD_WIDTH bound to: 66 - type: integer 
	Parameter C_RPAYLOAD_WIDTH bound to: 47 - type: integer 
	Parameter G_AXI_AWADDR_INDEX bound to: 0 - type: integer 
	Parameter G_AXI_AWADDR_WIDTH bound to: 32 - type: integer 
	Parameter G_AXI_AWPROT_INDEX bound to: 32 - type: integer 
	Parameter G_AXI_AWPROT_WIDTH bound to: 3 - type: integer 
	Parameter G_AXI_AWSIZE_INDEX bound to: 35 - type: integer 
	Parameter G_AXI_AWSIZE_WIDTH bound to: 3 - type: integer 
	Parameter G_AXI_AWBURST_INDEX bound to: 38 - type: integer 
	Parameter G_AXI_AWBURST_WIDTH bound to: 2 - type: integer 
	Parameter G_AXI_AWCACHE_INDEX bound to: 40 - type: integer 
	Parameter G_AXI_AWCACHE_WIDTH bound to: 4 - type: integer 
	Parameter G_AXI_AWLEN_INDEX bound to: 44 - type: integer 
	Parameter G_AXI_AWLEN_WIDTH bound to: 4 - type: integer 
	Parameter G_AXI_AWLOCK_INDEX bound to: 48 - type: integer 
	Parameter G_AXI_AWLOCK_WIDTH bound to: 2 - type: integer 
	Parameter G_AXI_AWID_INDEX bound to: 50 - type: integer 
	Parameter G_AXI_AWID_WIDTH bound to: 12 - type: integer 
	Parameter G_AXI_AWQOS_INDEX bound to: 62 - type: integer 
	Parameter G_AXI_AWQOS_WIDTH bound to: 4 - type: integer 
	Parameter G_AXI_AWREGION_INDEX bound to: 66 - type: integer 
	Parameter G_AXI_AWREGION_WIDTH bound to: 0 - type: integer 
	Parameter G_AXI_AWUSER_INDEX bound to: 66 - type: integer 
	Parameter G_AXI_AWUSER_WIDTH bound to: 0 - type: integer 
	Parameter G_AXI_AWPAYLOAD_WIDTH bound to: 66 - type: integer 
	Parameter G_AXI_ARADDR_INDEX bound to: 0 - type: integer 
	Parameter G_AXI_ARADDR_WIDTH bound to: 32 - type: integer 
	Parameter G_AXI_ARPROT_INDEX bound to: 32 - type: integer 
	Parameter G_AXI_ARPROT_WIDTH bound to: 3 - type: integer 
	Parameter G_AXI_ARSIZE_INDEX bound to: 35 - type: integer 
	Parameter G_AXI_ARSIZE_WIDTH bound to: 3 - type: integer 
	Parameter G_AXI_ARBURST_INDEX bound to: 38 - type: integer 
	Parameter G_AXI_ARBURST_WIDTH bound to: 2 - type: integer 
	Parameter G_AXI_ARCACHE_INDEX bound to: 40 - type: integer 
	Parameter G_AXI_ARCACHE_WIDTH bound to: 4 - type: integer 
	Parameter G_AXI_ARLEN_INDEX bound to: 44 - type: integer 
	Parameter G_AXI_ARLEN_WIDTH bound to: 4 - type: integer 
	Parameter G_AXI_ARLOCK_INDEX bound to: 48 - type: integer 
	Parameter G_AXI_ARLOCK_WIDTH bound to: 2 - type: integer 
	Parameter G_AXI_ARID_INDEX bound to: 50 - type: integer 
	Parameter G_AXI_ARID_WIDTH bound to: 12 - type: integer 
	Parameter G_AXI_ARQOS_INDEX bound to: 62 - type: integer 
	Parameter G_AXI_ARQOS_WIDTH bound to: 4 - type: integer 
	Parameter G_AXI_ARREGION_INDEX bound to: 66 - type: integer 
	Parameter G_AXI_ARREGION_WIDTH bound to: 0 - type: integer 
	Parameter G_AXI_ARUSER_INDEX bound to: 66 - type: integer 
	Parameter G_AXI_ARUSER_WIDTH bound to: 0 - type: integer 
	Parameter G_AXI_ARPAYLOAD_WIDTH bound to: 66 - type: integer 
	Parameter G_AXI_WDATA_INDEX bound to: 0 - type: integer 
	Parameter G_AXI_WDATA_WIDTH bound to: 32 - type: integer 
	Parameter G_AXI_WSTRB_INDEX bound to: 32 - type: integer 
	Parameter G_AXI_WSTRB_WIDTH bound to: 4 - type: integer 
	Parameter G_AXI_WLAST_INDEX bound to: 36 - type: integer 
	Parameter G_AXI_WLAST_WIDTH bound to: 1 - type: integer 
	Parameter G_AXI_WID_INDEX bound to: 37 - type: integer 
	Parameter G_AXI_WID_WIDTH bound to: 12 - type: integer 
	Parameter G_AXI_WUSER_INDEX bound to: 49 - type: integer 
	Parameter G_AXI_WUSER_WIDTH bound to: 0 - type: integer 
	Parameter G_AXI_WPAYLOAD_WIDTH bound to: 49 - type: integer 
	Parameter G_AXI_BRESP_INDEX bound to: 0 - type: integer 
	Parameter G_AXI_BRESP_WIDTH bound to: 2 - type: integer 
	Parameter G_AXI_BID_INDEX bound to: 2 - type: integer 
	Parameter G_AXI_BID_WIDTH bound to: 12 - type: integer 
	Parameter G_AXI_BUSER_INDEX bound to: 14 - type: integer 
	Parameter G_AXI_BUSER_WIDTH bound to: 0 - type: integer 
	Parameter G_AXI_BPAYLOAD_WIDTH bound to: 14 - type: integer 
	Parameter G_AXI_RDATA_INDEX bound to: 0 - type: integer 
	Parameter G_AXI_RDATA_WIDTH bound to: 32 - type: integer 
	Parameter G_AXI_RRESP_INDEX bound to: 32 - type: integer 
	Parameter G_AXI_RRESP_WIDTH bound to: 2 - type: integer 
	Parameter G_AXI_RLAST_INDEX bound to: 34 - type: integer 
	Parameter G_AXI_RLAST_WIDTH bound to: 1 - type: integer 
	Parameter G_AXI_RID_INDEX bound to: 35 - type: integer 
	Parameter G_AXI_RID_WIDTH bound to: 12 - type: integer 
	Parameter G_AXI_RUSER_INDEX bound to: 47 - type: integer 
	Parameter G_AXI_RUSER_WIDTH bound to: 0 - type: integer 
	Parameter G_AXI_RPAYLOAD_WIDTH bound to: 47 - type: integer 
INFO: [Synth 8-6155] done synthesizing module 'axi_infrastructure_v1_1_0_vector2axi' (27#1) [c:/Users/Admin/Documents/vivado/exercise/TRNG/TRNG.srcs/sources_1/bd/TRNG_BOCK/ipshared/ec67/hdl/axi_infrastructure_v1_1_vl_rfs.v:474]
INFO: [Synth 8-6155] done synthesizing module 'axi_register_slice_v2_1_17_axi_register_slice' (28#1) [c:/Users/Admin/Documents/vivado/exercise/TRNG/TRNG.srcs/sources_1/bd/TRNG_BOCK/ipshared/6020/hdl/axi_register_slice_v2_1_vl_rfs.v:2417]
WARNING: [Synth 8-350] instance 'SI_REG' of module 'axi_register_slice_v2_1_17_axi_register_slice' requires 93 connections, but only 92 given [c:/Users/Admin/Documents/vivado/exercise/TRNG/TRNG.srcs/sources_1/bd/TRNG_BOCK/ipshared/ccfb/hdl/axi_protocol_converter_v2_1_vl_rfs.v:4395]
INFO: [Synth 8-6157] synthesizing module 'axi_register_slice_v2_1_17_axi_register_slice__parameterized0' [c:/Users/Admin/Documents/vivado/exercise/TRNG/TRNG.srcs/sources_1/bd/TRNG_BOCK/ipshared/6020/hdl/axi_register_slice_v2_1_vl_rfs.v:2417]
	Parameter C_FAMILY bound to: virtex6 - type: string 
	Parameter C_AXI_PROTOCOL bound to: 2 - type: integer 
	Parameter C_AXI_ID_WIDTH bound to: 1 - type: integer 
	Parameter C_AXI_ADDR_WIDTH bound to: 32 - type: integer 
	Parameter C_AXI_DATA_WIDTH bound to: 32 - type: integer 
	Parameter C_AXI_SUPPORTS_USER_SIGNALS bound to: 0 - type: integer 
	Parameter C_AXI_AWUSER_WIDTH bound to: 1 - type: integer 
	Parameter C_AXI_ARUSER_WIDTH bound to: 1 - type: integer 
	Parameter C_AXI_WUSER_WIDTH bound to: 1 - type: integer 
	Parameter C_AXI_RUSER_WIDTH bound to: 1 - type: integer 
	Parameter C_AXI_BUSER_WIDTH bound to: 1 - type: integer 
	Parameter C_REG_CONFIG_AW bound to: 0 - type: integer 
	Parameter C_REG_CONFIG_W bound to: 0 - type: integer 
	Parameter C_REG_CONFIG_B bound to: 0 - type: integer 
	Parameter C_REG_CONFIG_AR bound to: 0 - type: integer 
	Parameter C_REG_CONFIG_R bound to: 0 - type: integer 
	Parameter C_NUM_SLR_CROSSINGS bound to: 0 - type: integer 
	Parameter C_PIPELINES_MASTER_AW bound to: 0 - type: integer 
	Parameter C_PIPELINES_MASTER_W bound to: 0 - type: integer 
	Parameter C_PIPELINES_MASTER_B bound to: 0 - type: integer 
	Parameter C_PIPELINES_MASTER_AR bound to: 0 - type: integer 
	Parameter C_PIPELINES_MASTER_R bound to: 0 - type: integer 
	Parameter C_PIPELINES_SLAVE_AW bound to: 0 - type: integer 
	Parameter C_PIPELINES_SLAVE_W bound to: 0 - type: integer 
	Parameter C_PIPELINES_SLAVE_B bound to: 0 - type: integer 
	Parameter C_PIPELINES_SLAVE_AR bound to: 0 - type: integer 
	Parameter C_PIPELINES_SLAVE_R bound to: 0 - type: integer 
	Parameter C_PIPELINES_MIDDLE_AW bound to: 0 - type: integer 
	Parameter C_PIPELINES_MIDDLE_W bound to: 0 - type: integer 
	Parameter C_PIPELINES_MIDDLE_B bound to: 0 - type: integer 
	Parameter C_PIPELINES_MIDDLE_AR bound to: 0 - type: integer 
	Parameter C_PIPELINES_MIDDLE_R bound to: 0 - type: integer 
	Parameter C_AXI_SUPPORTS_REGION_SIGNALS bound to: 0 - type: integer 
	Parameter P_FORWARD bound to: 0 - type: integer 
	Parameter P_RESPONSE bound to: 1 - type: integer 
	Parameter G_AXI_AWADDR_INDEX bound to: 0 - type: integer 
	Parameter G_AXI_AWADDR_WIDTH bound to: 32 - type: integer 
	Parameter G_AXI_AWPROT_INDEX bound to: 32 - type: integer 
	Parameter G_AXI_AWPROT_WIDTH bound to: 3 - type: integer 
	Parameter G_AXI_AWSIZE_INDEX bound to: 35 - type: integer 
	Parameter G_AXI_AWSIZE_WIDTH bound to: 0 - type: integer 
	Parameter G_AXI_AWBURST_INDEX bound to: 35 - type: integer 
	Parameter G_AXI_AWBURST_WIDTH bound to: 0 - type: integer 
	Parameter G_AXI_AWCACHE_INDEX bound to: 35 - type: integer 
	Parameter G_AXI_AWCACHE_WIDTH bound to: 0 - type: integer 
	Parameter G_AXI_AWLEN_INDEX bound to: 35 - type: integer 
	Parameter G_AXI_AWLEN_WIDTH bound to: 0 - type: integer 
	Parameter G_AXI_AWLOCK_INDEX bound to: 35 - type: integer 
	Parameter G_AXI_AWLOCK_WIDTH bound to: 0 - type: integer 
	Parameter G_AXI_AWID_INDEX bound to: 35 - type: integer 
	Parameter G_AXI_AWID_WIDTH bound to: 0 - type: integer 
	Parameter G_AXI_AWQOS_INDEX bound to: 35 - type: integer 
	Parameter G_AXI_AWQOS_WIDTH bound to: 0 - type: integer 
	Parameter G_AXI_AWREGION_INDEX bound to: 35 - type: integer 
	Parameter G_AXI_AWREGION_WIDTH bound to: 0 - type: integer 
	Parameter G_AXI_AWUSER_INDEX bound to: 35 - type: integer 
	Parameter G_AXI_AWUSER_WIDTH bound to: 0 - type: integer 
	Parameter G_AXI_AWPAYLOAD_WIDTH bound to: 35 - type: integer 
	Parameter G_AXI_ARADDR_INDEX bound to: 0 - type: integer 
	Parameter G_AXI_ARADDR_WIDTH bound to: 32 - type: integer 
	Parameter G_AXI_ARPROT_INDEX bound to: 32 - type: integer 
	Parameter G_AXI_ARPROT_WIDTH bound to: 3 - type: integer 
	Parameter G_AXI_ARSIZE_INDEX bound to: 35 - type: integer 
	Parameter G_AXI_ARSIZE_WIDTH bound to: 0 - type: integer 
	Parameter G_AXI_ARBURST_INDEX bound to: 35 - type: integer 
	Parameter G_AXI_ARBURST_WIDTH bound to: 0 - type: integer 
	Parameter G_AXI_ARCACHE_INDEX bound to: 35 - type: integer 
	Parameter G_AXI_ARCACHE_WIDTH bound to: 0 - type: integer 
	Parameter G_AXI_ARLEN_INDEX bound to: 35 - type: integer 
	Parameter G_AXI_ARLEN_WIDTH bound to: 0 - type: integer 
	Parameter G_AXI_ARLOCK_INDEX bound to: 35 - type: integer 
	Parameter G_AXI_ARLOCK_WIDTH bound to: 0 - type: integer 
	Parameter G_AXI_ARID_INDEX bound to: 35 - type: integer 
	Parameter G_AXI_ARID_WIDTH bound to: 0 - type: integer 
	Parameter G_AXI_ARQOS_INDEX bound to: 35 - type: integer 
	Parameter G_AXI_ARQOS_WIDTH bound to: 0 - type: integer 
	Parameter G_AXI_ARREGION_INDEX bound to: 35 - type: integer 
	Parameter G_AXI_ARREGION_WIDTH bound to: 0 - type: integer 
	Parameter G_AXI_ARUSER_INDEX bound to: 35 - type: integer 
	Parameter G_AXI_ARUSER_WIDTH bound to: 0 - type: integer 
	Parameter G_AXI_ARPAYLOAD_WIDTH bound to: 35 - type: integer 
	Parameter G_AXI_WDATA_INDEX bound to: 0 - type: integer 
	Parameter G_AXI_WDATA_WIDTH bound to: 32 - type: integer 
	Parameter G_AXI_WSTRB_INDEX bound to: 32 - type: integer 
	Parameter G_AXI_WSTRB_WIDTH bound to: 4 - type: integer 
	Parameter G_AXI_WLAST_INDEX bound to: 36 - type: integer 
	Parameter G_AXI_WLAST_WIDTH bound to: 0 - type: integer 
	Parameter G_AXI_WID_INDEX bound to: 36 - type: integer 
	Parameter G_AXI_WID_WIDTH bound to: 0 - type: integer 
	Parameter G_AXI_WUSER_INDEX bound to: 36 - type: integer 
	Parameter G_AXI_WUSER_WIDTH bound to: 0 - type: integer 
	Parameter G_AXI_WPAYLOAD_WIDTH bound to: 36 - type: integer 
	Parameter G_AXI_BRESP_INDEX bound to: 0 - type: integer 
	Parameter G_AXI_BRESP_WIDTH bound to: 2 - type: integer 
	Parameter G_AXI_BID_INDEX bound to: 2 - type: integer 
	Parameter G_AXI_BID_WIDTH bound to: 0 - type: integer 
	Parameter G_AXI_BUSER_INDEX bound to: 2 - type: integer 
	Parameter G_AXI_BUSER_WIDTH bound to: 0 - type: integer 
	Parameter G_AXI_BPAYLOAD_WIDTH bound to: 2 - type: integer 
	Parameter G_AXI_RDATA_INDEX bound to: 0 - type: integer 
	Parameter G_AXI_RDATA_WIDTH bound to: 32 - type: integer 
	Parameter G_AXI_RRESP_INDEX bound to: 32 - type: integer 
	Parameter G_AXI_RRESP_WIDTH bound to: 2 - type: integer 
	Parameter G_AXI_RLAST_INDEX bound to: 34 - type: integer 
	Parameter G_AXI_RLAST_WIDTH bound to: 0 - type: integer 
	Parameter G_AXI_RID_INDEX bound to: 34 - type: integer 
	Parameter G_AXI_RID_WIDTH bound to: 0 - type: integer 
	Parameter G_AXI_RUSER_INDEX bound to: 34 - type: integer 
	Parameter G_AXI_RUSER_WIDTH bound to: 0 - type: integer 
	Parameter G_AXI_RPAYLOAD_WIDTH bound to: 34 - type: integer 
INFO: [Synth 8-6157] synthesizing module 'axi_register_slice_v2_1_17_axic_register_slice__parameterized3' [c:/Users/Admin/Documents/vivado/exercise/TRNG/TRNG.srcs/sources_1/bd/TRNG_BOCK/ipshared/6020/hdl/axi_register_slice_v2_1_vl_rfs.v:189]
	Parameter C_FAMILY bound to: virtex6 - type: string 
	Parameter C_DATA_WIDTH bound to: 35 - type: integer 
	Parameter C_REG_CONFIG bound to: 0 - type: integer 
INFO: [Synth 8-6155] done synthesizing module 'axi_register_slice_v2_1_17_axic_register_slice__parameterized3' (28#1) [c:/Users/Admin/Documents/vivado/exercise/TRNG/TRNG.srcs/sources_1/bd/TRNG_BOCK/ipshared/6020/hdl/axi_register_slice_v2_1_vl_rfs.v:189]
INFO: [Synth 8-6157] synthesizing module 'axi_register_slice_v2_1_17_axic_register_slice__parameterized4' [c:/Users/Admin/Documents/vivado/exercise/TRNG/TRNG.srcs/sources_1/bd/TRNG_BOCK/ipshared/6020/hdl/axi_register_slice_v2_1_vl_rfs.v:189]
	Parameter C_FAMILY bound to: virtex6 - type: string 
	Parameter C_DATA_WIDTH bound to: 36 - type: integer 
	Parameter C_REG_CONFIG bound to: 0 - type: integer 
INFO: [Synth 8-6155] done synthesizing module 'axi_register_slice_v2_1_17_axic_register_slice__parameterized4' (28#1) [c:/Users/Admin/Documents/vivado/exercise/TRNG/TRNG.srcs/sources_1/bd/TRNG_BOCK/ipshared/6020/hdl/axi_register_slice_v2_1_vl_rfs.v:189]
INFO: [Synth 8-6157] synthesizing module 'axi_register_slice_v2_1_17_axic_register_slice__parameterized5' [c:/Users/Admin/Documents/vivado/exercise/TRNG/TRNG.srcs/sources_1/bd/TRNG_BOCK/ipshared/6020/hdl/axi_register_slice_v2_1_vl_rfs.v:189]
	Parameter C_FAMILY bound to: virtex6 - type: string 
	Parameter C_DATA_WIDTH bound to: 2 - type: integer 
	Parameter C_REG_CONFIG bound to: 0 - type: integer 
INFO: [Synth 8-6155] done synthesizing module 'axi_register_slice_v2_1_17_axic_register_slice__parameterized5' (28#1) [c:/Users/Admin/Documents/vivado/exercise/TRNG/TRNG.srcs/sources_1/bd/TRNG_BOCK/ipshared/6020/hdl/axi_register_slice_v2_1_vl_rfs.v:189]
INFO: [Synth 8-6157] synthesizing module 'axi_register_slice_v2_1_17_axic_register_slice__parameterized6' [c:/Users/Admin/Documents/vivado/exercise/TRNG/TRNG.srcs/sources_1/bd/TRNG_BOCK/ipshared/6020/hdl/axi_register_slice_v2_1_vl_rfs.v:189]
	Parameter C_FAMILY bound to: virtex6 - type: string 
	Parameter C_DATA_WIDTH bound to: 34 - type: integer 
	Parameter C_REG_CONFIG bound to: 0 - type: integer 
INFO: [Synth 8-6155] done synthesizing module 'axi_register_slice_v2_1_17_axic_register_slice__parameterized6' (28#1) [c:/Users/Admin/Documents/vivado/exercise/TRNG/TRNG.srcs/sources_1/bd/TRNG_BOCK/ipshared/6020/hdl/axi_register_slice_v2_1_vl_rfs.v:189]
INFO: [Synth 8-6157] synthesizing module 'axi_infrastructure_v1_1_0_axi2vector__parameterized0' [c:/Users/Admin/Documents/vivado/exercise/TRNG/TRNG.srcs/sources_1/bd/TRNG_BOCK/ipshared/ec67/hdl/axi_infrastructure_v1_1_vl_rfs.v:60]
	Parameter C_AXI_PROTOCOL bound to: 2 - type: integer 
	Parameter C_AXI_ID_WIDTH bound to: 1 - type: integer 
	Parameter C_AXI_ADDR_WIDTH bound to: 32 - type: integer 
	Parameter C_AXI_DATA_WIDTH bound to: 32 - type: integer 
	Parameter C_AXI_SUPPORTS_USER_SIGNALS bound to: 0 - type: integer 
	Parameter C_AXI_SUPPORTS_REGION_SIGNALS bound to: 0 - type: integer 
	Parameter C_AXI_AWUSER_WIDTH bound to: 1 - type: integer 
	Parameter C_AXI_WUSER_WIDTH bound to: 1 - type: integer 
	Parameter C_AXI_BUSER_WIDTH bound to: 1 - type: integer 
	Parameter C_AXI_ARUSER_WIDTH bound to: 1 - type: integer 
	Parameter C_AXI_RUSER_WIDTH bound to: 1 - type: integer 
	Parameter C_AWPAYLOAD_WIDTH bound to: 35 - type: integer 
	Parameter C_WPAYLOAD_WIDTH bound to: 36 - type: integer 
	Parameter C_BPAYLOAD_WIDTH bound to: 2 - type: integer 
	Parameter C_ARPAYLOAD_WIDTH bound to: 35 - type: integer 
	Parameter C_RPAYLOAD_WIDTH bound to: 34 - type: integer 
	Parameter G_AXI_AWADDR_INDEX bound to: 0 - type: integer 
	Parameter G_AXI_AWADDR_WIDTH bound to: 32 - type: integer 
	Parameter G_AXI_AWPROT_INDEX bound to: 32 - type: integer 
	Parameter G_AXI_AWPROT_WIDTH bound to: 3 - type: integer 
	Parameter G_AXI_AWSIZE_INDEX bound to: 35 - type: integer 
	Parameter G_AXI_AWSIZE_WIDTH bound to: 0 - type: integer 
	Parameter G_AXI_AWBURST_INDEX bound to: 35 - type: integer 
	Parameter G_AXI_AWBURST_WIDTH bound to: 0 - type: integer 
	Parameter G_AXI_AWCACHE_INDEX bound to: 35 - type: integer 
	Parameter G_AXI_AWCACHE_WIDTH bound to: 0 - type: integer 
	Parameter G_AXI_AWLEN_INDEX bound to: 35 - type: integer 
	Parameter G_AXI_AWLEN_WIDTH bound to: 0 - type: integer 
	Parameter G_AXI_AWLOCK_INDEX bound to: 35 - type: integer 
	Parameter G_AXI_AWLOCK_WIDTH bound to: 0 - type: integer 
	Parameter G_AXI_AWID_INDEX bound to: 35 - type: integer 
	Parameter G_AXI_AWID_WIDTH bound to: 0 - type: integer 
	Parameter G_AXI_AWQOS_INDEX bound to: 35 - type: integer 
	Parameter G_AXI_AWQOS_WIDTH bound to: 0 - type: integer 
	Parameter G_AXI_AWREGION_INDEX bound to: 35 - type: integer 
	Parameter G_AXI_AWREGION_WIDTH bound to: 0 - type: integer 
	Parameter G_AXI_AWUSER_INDEX bound to: 35 - type: integer 
	Parameter G_AXI_AWUSER_WIDTH bound to: 0 - type: integer 
	Parameter G_AXI_AWPAYLOAD_WIDTH bound to: 35 - type: integer 
	Parameter G_AXI_ARADDR_INDEX bound to: 0 - type: integer 
	Parameter G_AXI_ARADDR_WIDTH bound to: 32 - type: integer 
	Parameter G_AXI_ARPROT_INDEX bound to: 32 - type: integer 
	Parameter G_AXI_ARPROT_WIDTH bound to: 3 - type: integer 
	Parameter G_AXI_ARSIZE_INDEX bound to: 35 - type: integer 
	Parameter G_AXI_ARSIZE_WIDTH bound to: 0 - type: integer 
	Parameter G_AXI_ARBURST_INDEX bound to: 35 - type: integer 
	Parameter G_AXI_ARBURST_WIDTH bound to: 0 - type: integer 
	Parameter G_AXI_ARCACHE_INDEX bound to: 35 - type: integer 
	Parameter G_AXI_ARCACHE_WIDTH bound to: 0 - type: integer 
	Parameter G_AXI_ARLEN_INDEX bound to: 35 - type: integer 
	Parameter G_AXI_ARLEN_WIDTH bound to: 0 - type: integer 
	Parameter G_AXI_ARLOCK_INDEX bound to: 35 - type: integer 
	Parameter G_AXI_ARLOCK_WIDTH bound to: 0 - type: integer 
	Parameter G_AXI_ARID_INDEX bound to: 35 - type: integer 
	Parameter G_AXI_ARID_WIDTH bound to: 0 - type: integer 
	Parameter G_AXI_ARQOS_INDEX bound to: 35 - type: integer 
	Parameter G_AXI_ARQOS_WIDTH bound to: 0 - type: integer 
	Parameter G_AXI_ARREGION_INDEX bound to: 35 - type: integer 
	Parameter G_AXI_ARREGION_WIDTH bound to: 0 - type: integer 
	Parameter G_AXI_ARUSER_INDEX bound to: 35 - type: integer 
	Parameter G_AXI_ARUSER_WIDTH bound to: 0 - type: integer 
	Parameter G_AXI_ARPAYLOAD_WIDTH bound to: 35 - type: integer 
	Parameter G_AXI_WDATA_INDEX bound to: 0 - type: integer 
	Parameter G_AXI_WDATA_WIDTH bound to: 32 - type: integer 
	Parameter G_AXI_WSTRB_INDEX bound to: 32 - type: integer 
	Parameter G_AXI_WSTRB_WIDTH bound to: 4 - type: integer 
	Parameter G_AXI_WLAST_INDEX bound to: 36 - type: integer 
	Parameter G_AXI_WLAST_WIDTH bound to: 0 - type: integer 
	Parameter G_AXI_WID_INDEX bound to: 36 - type: integer 
	Parameter G_AXI_WID_WIDTH bound to: 0 - type: integer 
	Parameter G_AXI_WUSER_INDEX bound to: 36 - type: integer 
	Parameter G_AXI_WUSER_WIDTH bound to: 0 - type: integer 
	Parameter G_AXI_WPAYLOAD_WIDTH bound to: 36 - type: integer 
	Parameter G_AXI_BRESP_INDEX bound to: 0 - type: integer 
	Parameter G_AXI_BRESP_WIDTH bound to: 2 - type: integer 
	Parameter G_AXI_BID_INDEX bound to: 2 - type: integer 
	Parameter G_AXI_BID_WIDTH bound to: 0 - type: integer 
	Parameter G_AXI_BUSER_INDEX bound to: 2 - type: integer 
	Parameter G_AXI_BUSER_WIDTH bound to: 0 - type: integer 
	Parameter G_AXI_BPAYLOAD_WIDTH bound to: 2 - type: integer 
	Parameter G_AXI_RDATA_INDEX bound to: 0 - type: integer 
	Parameter G_AXI_RDATA_WIDTH bound to: 32 - type: integer 
	Parameter G_AXI_RRESP_INDEX bound to: 32 - type: integer 
	Parameter G_AXI_RRESP_WIDTH bound to: 2 - type: integer 
	Parameter G_AXI_RLAST_INDEX bound to: 34 - type: integer 
	Parameter G_AXI_RLAST_WIDTH bound to: 0 - type: integer 
	Parameter G_AXI_RID_INDEX bound to: 34 - type: integer 
	Parameter G_AXI_RID_WIDTH bound to: 0 - type: integer 
	Parameter G_AXI_RUSER_INDEX bound to: 34 - type: integer 
	Parameter G_AXI_RUSER_WIDTH bound to: 0 - type: integer 
	Parameter G_AXI_RPAYLOAD_WIDTH bound to: 34 - type: integer 
INFO: [Synth 8-6155] done synthesizing module 'axi_infrastructure_v1_1_0_axi2vector__parameterized0' (28#1) [c:/Users/Admin/Documents/vivado/exercise/TRNG/TRNG.srcs/sources_1/bd/TRNG_BOCK/ipshared/ec67/hdl/axi_infrastructure_v1_1_vl_rfs.v:60]
INFO: [Synth 8-6157] synthesizing module 'axi_infrastructure_v1_1_0_vector2axi__parameterized0' [c:/Users/Admin/Documents/vivado/exercise/TRNG/TRNG.srcs/sources_1/bd/TRNG_BOCK/ipshared/ec67/hdl/axi_infrastructure_v1_1_vl_rfs.v:474]
	Parameter C_AXI_PROTOCOL bound to: 2 - type: integer 
	Parameter C_AXI_ID_WIDTH bound to: 1 - type: integer 
	Parameter C_AXI_ADDR_WIDTH bound to: 32 - type: integer 
	Parameter C_AXI_DATA_WIDTH bound to: 32 - type: integer 
	Parameter C_AXI_SUPPORTS_USER_SIGNALS bound to: 0 - type: integer 
	Parameter C_AXI_SUPPORTS_REGION_SIGNALS bound to: 0 - type: integer 
	Parameter C_AXI_AWUSER_WIDTH bound to: 1 - type: integer 
	Parameter C_AXI_WUSER_WIDTH bound to: 1 - type: integer 
	Parameter C_AXI_BUSER_WIDTH bound to: 1 - type: integer 
	Parameter C_AXI_ARUSER_WIDTH bound to: 1 - type: integer 
	Parameter C_AXI_RUSER_WIDTH bound to: 1 - type: integer 
	Parameter C_AWPAYLOAD_WIDTH bound to: 35 - type: integer 
	Parameter C_WPAYLOAD_WIDTH bound to: 36 - type: integer 
	Parameter C_BPAYLOAD_WIDTH bound to: 2 - type: integer 
	Parameter C_ARPAYLOAD_WIDTH bound to: 35 - type: integer 
	Parameter C_RPAYLOAD_WIDTH bound to: 34 - type: integer 
	Parameter G_AXI_AWADDR_INDEX bound to: 0 - type: integer 
	Parameter G_AXI_AWADDR_WIDTH bound to: 32 - type: integer 
	Parameter G_AXI_AWPROT_INDEX bound to: 32 - type: integer 
	Parameter G_AXI_AWPROT_WIDTH bound to: 3 - type: integer 
	Parameter G_AXI_AWSIZE_INDEX bound to: 35 - type: integer 
	Parameter G_AXI_AWSIZE_WIDTH bound to: 0 - type: integer 
	Parameter G_AXI_AWBURST_INDEX bound to: 35 - type: integer 
	Parameter G_AXI_AWBURST_WIDTH bound to: 0 - type: integer 
	Parameter G_AXI_AWCACHE_INDEX bound to: 35 - type: integer 
	Parameter G_AXI_AWCACHE_WIDTH bound to: 0 - type: integer 
	Parameter G_AXI_AWLEN_INDEX bound to: 35 - type: integer 
	Parameter G_AXI_AWLEN_WIDTH bound to: 0 - type: integer 
	Parameter G_AXI_AWLOCK_INDEX bound to: 35 - type: integer 
	Parameter G_AXI_AWLOCK_WIDTH bound to: 0 - type: integer 
	Parameter G_AXI_AWID_INDEX bound to: 35 - type: integer 
	Parameter G_AXI_AWID_WIDTH bound to: 0 - type: integer 
	Parameter G_AXI_AWQOS_INDEX bound to: 35 - type: integer 
	Parameter G_AXI_AWQOS_WIDTH bound to: 0 - type: integer 
	Parameter G_AXI_AWREGION_INDEX bound to: 35 - type: integer 
	Parameter G_AXI_AWREGION_WIDTH bound to: 0 - type: integer 
	Parameter G_AXI_AWUSER_INDEX bound to: 35 - type: integer 
	Parameter G_AXI_AWUSER_WIDTH bound to: 0 - type: integer 
	Parameter G_AXI_AWPAYLOAD_WIDTH bound to: 35 - type: integer 
	Parameter G_AXI_ARADDR_INDEX bound to: 0 - type: integer 
	Parameter G_AXI_ARADDR_WIDTH bound to: 32 - type: integer 
	Parameter G_AXI_ARPROT_INDEX bound to: 32 - type: integer 
	Parameter G_AXI_ARPROT_WIDTH bound to: 3 - type: integer 
	Parameter G_AXI_ARSIZE_INDEX bound to: 35 - type: integer 
	Parameter G_AXI_ARSIZE_WIDTH bound to: 0 - type: integer 
	Parameter G_AXI_ARBURST_INDEX bound to: 35 - type: integer 
	Parameter G_AXI_ARBURST_WIDTH bound to: 0 - type: integer 
	Parameter G_AXI_ARCACHE_INDEX bound to: 35 - type: integer 
	Parameter G_AXI_ARCACHE_WIDTH bound to: 0 - type: integer 
	Parameter G_AXI_ARLEN_INDEX bound to: 35 - type: integer 
	Parameter G_AXI_ARLEN_WIDTH bound to: 0 - type: integer 
	Parameter G_AXI_ARLOCK_INDEX bound to: 35 - type: integer 
	Parameter G_AXI_ARLOCK_WIDTH bound to: 0 - type: integer 
	Parameter G_AXI_ARID_INDEX bound to: 35 - type: integer 
	Parameter G_AXI_ARID_WIDTH bound to: 0 - type: integer 
	Parameter G_AXI_ARQOS_INDEX bound to: 35 - type: integer 
	Parameter G_AXI_ARQOS_WIDTH bound to: 0 - type: integer 
	Parameter G_AXI_ARREGION_INDEX bound to: 35 - type: integer 
	Parameter G_AXI_ARREGION_WIDTH bound to: 0 - type: integer 
	Parameter G_AXI_ARUSER_INDEX bound to: 35 - type: integer 
	Parameter G_AXI_ARUSER_WIDTH bound to: 0 - type: integer 
	Parameter G_AXI_ARPAYLOAD_WIDTH bound to: 35 - type: integer 
	Parameter G_AXI_WDATA_INDEX bound to: 0 - type: integer 
	Parameter G_AXI_WDATA_WIDTH bound to: 32 - type: integer 
	Parameter G_AXI_WSTRB_INDEX bound to: 32 - type: integer 
	Parameter G_AXI_WSTRB_WIDTH bound to: 4 - type: integer 
	Parameter G_AXI_WLAST_INDEX bound to: 36 - type: integer 
	Parameter G_AXI_WLAST_WIDTH bound to: 0 - type: integer 
	Parameter G_AXI_WID_INDEX bound to: 36 - type: integer 
	Parameter G_AXI_WID_WIDTH bound to: 0 - type: integer 
	Parameter G_AXI_WUSER_INDEX bound to: 36 - type: integer 
	Parameter G_AXI_WUSER_WIDTH bound to: 0 - type: integer 
	Parameter G_AXI_WPAYLOAD_WIDTH bound to: 36 - type: integer 
	Parameter G_AXI_BRESP_INDEX bound to: 0 - type: integer 
	Parameter G_AXI_BRESP_WIDTH bound to: 2 - type: integer 
	Parameter G_AXI_BID_INDEX bound to: 2 - type: integer 
	Parameter G_AXI_BID_WIDTH bound to: 0 - type: integer 
	Parameter G_AXI_BUSER_INDEX bound to: 2 - type: integer 
	Parameter G_AXI_BUSER_WIDTH bound to: 0 - type: integer 
	Parameter G_AXI_BPAYLOAD_WIDTH bound to: 2 - type: integer 
	Parameter G_AXI_RDATA_INDEX bound to: 0 - type: integer 
	Parameter G_AXI_RDATA_WIDTH bound to: 32 - type: integer 
	Parameter G_AXI_RRESP_INDEX bound to: 32 - type: integer 
	Parameter G_AXI_RRESP_WIDTH bound to: 2 - type: integer 
	Parameter G_AXI_RLAST_INDEX bound to: 34 - type: integer 
	Parameter G_AXI_RLAST_WIDTH bound to: 0 - type: integer 
	Parameter G_AXI_RID_INDEX bound to: 34 - type: integer 
	Parameter G_AXI_RID_WIDTH bound to: 0 - type: integer 
	Parameter G_AXI_RUSER_INDEX bound to: 34 - type: integer 
	Parameter G_AXI_RUSER_WIDTH bound to: 0 - type: integer 
	Parameter G_AXI_RPAYLOAD_WIDTH bound to: 34 - type: integer 
INFO: [Synth 8-6155] done synthesizing module 'axi_infrastructure_v1_1_0_vector2axi__parameterized0' (28#1) [c:/Users/Admin/Documents/vivado/exercise/TRNG/TRNG.srcs/sources_1/bd/TRNG_BOCK/ipshared/ec67/hdl/axi_infrastructure_v1_1_vl_rfs.v:474]
INFO: [Synth 8-6155] done synthesizing module 'axi_register_slice_v2_1_17_axi_register_slice__parameterized0' (28#1) [c:/Users/Admin/Documents/vivado/exercise/TRNG/TRNG.srcs/sources_1/bd/TRNG_BOCK/ipshared/6020/hdl/axi_register_slice_v2_1_vl_rfs.v:2417]
WARNING: [Synth 8-350] instance 'MI_REG' of module 'axi_register_slice_v2_1_17_axi_register_slice' requires 93 connections, but only 92 given [c:/Users/Admin/Documents/vivado/exercise/TRNG/TRNG.srcs/sources_1/bd/TRNG_BOCK/ipshared/ccfb/hdl/axi_protocol_converter_v2_1_vl_rfs.v:4650]
INFO: [Synth 8-6155] done synthesizing module 'axi_protocol_converter_v2_1_17_b2s' (29#1) [c:/Users/Admin/Documents/vivado/exercise/TRNG/TRNG.srcs/sources_1/bd/TRNG_BOCK/ipshared/ccfb/hdl/axi_protocol_converter_v2_1_vl_rfs.v:4229]
INFO: [Synth 8-6155] done synthesizing module 'axi_protocol_converter_v2_1_17_axi_protocol_converter' (30#1) [c:/Users/Admin/Documents/vivado/exercise/TRNG/TRNG.srcs/sources_1/bd/TRNG_BOCK/ipshared/ccfb/hdl/axi_protocol_converter_v2_1_vl_rfs.v:4811]
INFO: [Synth 8-6155] done synthesizing module 'TRNG_BOCK_auto_pc_0' (31#1) [c:/Users/Admin/Documents/vivado/exercise/TRNG/TRNG.srcs/sources_1/bd/TRNG_BOCK/ip/TRNG_BOCK_auto_pc_0/synth/TRNG_BOCK_auto_pc_0.v:58]
INFO: [Synth 8-6155] done synthesizing module 's00_couplers_imp_1QMCIBD' (32#1) [C:/Users/Admin/Documents/vivado/exercise/TRNG/TRNG.srcs/sources_1/bd/TRNG_BOCK/synth/TRNG_BOCK.v:623]
INFO: [Synth 8-6155] done synthesizing module 'TRNG_BOCK_ps7_0_axi_periph_0' (33#1) [C:/Users/Admin/Documents/vivado/exercise/TRNG/TRNG.srcs/sources_1/bd/TRNG_BOCK/synth/TRNG_BOCK.v:308]
INFO: [Synth 8-638] synthesizing module 'TRNG_BOCK_rst_ps7_0_100M_0' [c:/Users/Admin/Documents/vivado/exercise/TRNG/TRNG.srcs/sources_1/bd/TRNG_BOCK/ip/TRNG_BOCK_rst_ps7_0_100M_0/synth/TRNG_BOCK_rst_ps7_0_100M_0.vhd:74]
	Parameter C_FAMILY bound to: zynq - type: string 
	Parameter C_EXT_RST_WIDTH bound to: 4 - type: integer 
	Parameter C_AUX_RST_WIDTH bound to: 4 - type: integer 
	Parameter C_EXT_RESET_HIGH bound to: 1'b0 
	Parameter C_AUX_RESET_HIGH bound to: 1'b0 
	Parameter C_NUM_BUS_RST bound to: 1 - type: integer 
	Parameter C_NUM_PERP_RST bound to: 1 - type: integer 
	Parameter C_NUM_INTERCONNECT_ARESETN bound to: 1 - type: integer 
	Parameter C_NUM_PERP_ARESETN bound to: 1 - type: integer 
INFO: [Synth 8-3491] module 'proc_sys_reset' declared at 'c:/Users/Admin/Documents/vivado/exercise/TRNG/TRNG.srcs/sources_1/bd/TRNG_BOCK/ipshared/f86a/hdl/proc_sys_reset_v5_0_vh_rfs.vhd:1264' bound to instance 'U0' of component 'proc_sys_reset' [c:/Users/Admin/Documents/vivado/exercise/TRNG/TRNG.srcs/sources_1/bd/TRNG_BOCK/ip/TRNG_BOCK_rst_ps7_0_100M_0/synth/TRNG_BOCK_rst_ps7_0_100M_0.vhd:129]
INFO: [Synth 8-638] synthesizing module 'proc_sys_reset' [c:/Users/Admin/Documents/vivado/exercise/TRNG/TRNG.srcs/sources_1/bd/TRNG_BOCK/ipshared/f86a/hdl/proc_sys_reset_v5_0_vh_rfs.vhd:1323]
	Parameter C_FAMILY bound to: zynq - type: string 
	Parameter C_EXT_RST_WIDTH bound to: 4 - type: integer 
	Parameter C_AUX_RST_WIDTH bound to: 4 - type: integer 
	Parameter C_EXT_RESET_HIGH bound to: 1'b0 
	Parameter C_AUX_RESET_HIGH bound to: 1'b0 
	Parameter C_NUM_BUS_RST bound to: 1 - type: integer 
	Parameter C_NUM_PERP_RST bound to: 1 - type: integer 
	Parameter C_NUM_INTERCONNECT_ARESETN bound to: 1 - type: integer 
	Parameter C_NUM_PERP_ARESETN bound to: 1 - type: integer 
	Parameter INIT bound to: 1'b1 
	Parameter IS_C_INVERTED bound to: 1'b0 
	Parameter IS_D_INVERTED bound to: 1'b0 
	Parameter IS_R_INVERTED bound to: 1'b0 
INFO: [Synth 8-113] binding component instance 'FDRE_inst' to cell 'FDRE' [c:/Users/Admin/Documents/vivado/exercise/TRNG/TRNG.srcs/sources_1/bd/TRNG_BOCK/ipshared/f86a/hdl/proc_sys_reset_v5_0_vh_rfs.vhd:1392]
	Parameter INIT bound to: 1'b1 
	Parameter IS_C_INVERTED bound to: 1'b0 
	Parameter IS_D_INVERTED bound to: 1'b0 
	Parameter IS_R_INVERTED bound to: 1'b0 
INFO: [Synth 8-113] binding component instance 'FDRE_BSR' to cell 'FDRE' [c:/Users/Admin/Documents/vivado/exercise/TRNG/TRNG.srcs/sources_1/bd/TRNG_BOCK/ipshared/f86a/hdl/proc_sys_reset_v5_0_vh_rfs.vhd:1408]
	Parameter INIT bound to: 1'b0 
	Parameter IS_C_INVERTED bound to: 1'b0 
	Parameter IS_D_INVERTED bound to: 1'b0 
	Parameter IS_R_INVERTED bound to: 1'b0 
INFO: [Synth 8-113] binding component instance 'FDRE_BSR_N' to cell 'FDRE' [c:/Users/Admin/Documents/vivado/exercise/TRNG/TRNG.srcs/sources_1/bd/TRNG_BOCK/ipshared/f86a/hdl/proc_sys_reset_v5_0_vh_rfs.vhd:1434]
	Parameter INIT bound to: 1'b1 
	Parameter IS_C_INVERTED bound to: 1'b0 
	Parameter IS_D_INVERTED bound to: 1'b0 
	Parameter IS_R_INVERTED bound to: 1'b0 
INFO: [Synth 8-113] binding component instance 'FDRE_PER' to cell 'FDRE' [c:/Users/Admin/Documents/vivado/exercise/TRNG/TRNG.srcs/sources_1/bd/TRNG_BOCK/ipshared/f86a/hdl/proc_sys_reset_v5_0_vh_rfs.vhd:1457]
	Parameter INIT bound to: 1'b0 
	Parameter IS_C_INVERTED bound to: 1'b0 
	Parameter IS_D_INVERTED bound to: 1'b0 
	Parameter IS_R_INVERTED bound to: 1'b0 
INFO: [Synth 8-113] binding component instance 'FDRE_PER_N' to cell 'FDRE' [c:/Users/Admin/Documents/vivado/exercise/TRNG/TRNG.srcs/sources_1/bd/TRNG_BOCK/ipshared/f86a/hdl/proc_sys_reset_v5_0_vh_rfs.vhd:1481]
INFO: [Synth 8-638] synthesizing module 'lpf' [c:/Users/Admin/Documents/vivado/exercise/TRNG/TRNG.srcs/sources_1/bd/TRNG_BOCK/ipshared/f86a/hdl/proc_sys_reset_v5_0_vh_rfs.vhd:816]
	Parameter C_EXT_RST_WIDTH bound to: 4 - type: integer 
	Parameter C_AUX_RST_WIDTH bound to: 4 - type: integer 
	Parameter C_EXT_RESET_HIGH bound to: 1'b0 
	Parameter C_AUX_RESET_HIGH bound to: 1'b0 
INFO: [Synth 8-3491] module 'SRL16' declared at 'C:/Users/Admin/Documents/vivado/Vivado/2018.2/scripts/rt/data/unisim_comp.v:50695' bound to instance 'POR_SRL_I' of component 'SRL16' [c:/Users/Admin/Documents/vivado/exercise/TRNG/TRNG.srcs/sources_1/bd/TRNG_BOCK/ipshared/f86a/hdl/proc_sys_reset_v5_0_vh_rfs.vhd:868]
INFO: [Synth 8-6157] synthesizing module 'SRL16' [C:/Users/Admin/Documents/vivado/Vivado/2018.2/scripts/rt/data/unisim_comp.v:50695]
	Parameter INIT bound to: 16'b0000000000000000 
INFO: [Synth 8-6155] done synthesizing module 'SRL16' (34#1) [C:/Users/Admin/Documents/vivado/Vivado/2018.2/scripts/rt/data/unisim_comp.v:50695]
INFO: [Synth 8-638] synthesizing module 'cdc_sync' [c:/Users/Admin/Documents/vivado/exercise/TRNG/TRNG.srcs/sources_1/bd/TRNG_BOCK/ipshared/ef1e/hdl/lib_cdc_v1_0_rfs.vhd:106]
	Parameter C_CDC_TYPE bound to: 1 - type: integer 
	Parameter C_RESET_STATE bound to: 0 - type: integer 
	Parameter C_SINGLE_BIT bound to: 1 - type: integer 
	Parameter C_FLOP_INPUT bound to: 0 - type: integer 
	Parameter C_VECTOR_WIDTH bound to: 2 - type: integer 
	Parameter C_MTBF_STAGES bound to: 4 - type: integer 
	Parameter INIT bound to: 1'b0 
INFO: [Synth 8-113] binding component instance 'CROSS_PLEVEL_IN2SCNDRY_IN_cdc_to' to cell 'FDR' [c:/Users/Admin/Documents/vivado/exercise/TRNG/TRNG.srcs/sources_1/bd/TRNG_BOCK/ipshared/ef1e/hdl/lib_cdc_v1_0_rfs.vhd:514]
	Parameter INIT bound to: 1'b0 
INFO: [Synth 8-113] binding component instance 'CROSS_PLEVEL_IN2SCNDRY_s_level_out_d2' to cell 'FDR' [c:/Users/Admin/Documents/vivado/exercise/TRNG/TRNG.srcs/sources_1/bd/TRNG_BOCK/ipshared/ef1e/hdl/lib_cdc_v1_0_rfs.vhd:545]
	Parameter INIT bound to: 1'b0 
INFO: [Synth 8-113] binding component instance 'CROSS_PLEVEL_IN2SCNDRY_s_level_out_d3' to cell 'FDR' [c:/Users/Admin/Documents/vivado/exercise/TRNG/TRNG.srcs/sources_1/bd/TRNG_BOCK/ipshared/ef1e/hdl/lib_cdc_v1_0_rfs.vhd:554]
	Parameter INIT bound to: 1'b0 
INFO: [Synth 8-113] binding component instance 'CROSS_PLEVEL_IN2SCNDRY_s_level_out_d4' to cell 'FDR' [c:/Users/Admin/Documents/vivado/exercise/TRNG/TRNG.srcs/sources_1/bd/TRNG_BOCK/ipshared/ef1e/hdl/lib_cdc_v1_0_rfs.vhd:564]
	Parameter INIT bound to: 1'b0 
INFO: [Synth 8-113] binding component instance 'CROSS_PLEVEL_IN2SCNDRY_s_level_out_d5' to cell 'FDR' [c:/Users/Admin/Documents/vivado/exercise/TRNG/TRNG.srcs/sources_1/bd/TRNG_BOCK/ipshared/ef1e/hdl/lib_cdc_v1_0_rfs.vhd:574]
	Parameter INIT bound to: 1'b0 
INFO: [Synth 8-113] binding component instance 'CROSS_PLEVEL_IN2SCNDRY_s_level_out_d6' to cell 'FDR' [c:/Users/Admin/Documents/vivado/exercise/TRNG/TRNG.srcs/sources_1/bd/TRNG_BOCK/ipshared/ef1e/hdl/lib_cdc_v1_0_rfs.vhd:584]
INFO: [Synth 8-256] done synthesizing module 'cdc_sync' (35#1) [c:/Users/Admin/Documents/vivado/exercise/TRNG/TRNG.srcs/sources_1/bd/TRNG_BOCK/ipshared/ef1e/hdl/lib_cdc_v1_0_rfs.vhd:106]
INFO: [Synth 8-256] done synthesizing module 'lpf' (36#1) [c:/Users/Admin/Documents/vivado/exercise/TRNG/TRNG.srcs/sources_1/bd/TRNG_BOCK/ipshared/f86a/hdl/proc_sys_reset_v5_0_vh_rfs.vhd:816]
INFO: [Synth 8-638] synthesizing module 'sequence_psr' [c:/Users/Admin/Documents/vivado/exercise/TRNG/TRNG.srcs/sources_1/bd/TRNG_BOCK/ipshared/f86a/hdl/proc_sys_reset_v5_0_vh_rfs.vhd:301]
INFO: [Synth 8-638] synthesizing module 'upcnt_n' [c:/Users/Admin/Documents/vivado/exercise/TRNG/TRNG.srcs/sources_1/bd/TRNG_BOCK/ipshared/f86a/hdl/proc_sys_reset_v5_0_vh_rfs.vhd:125]
	Parameter C_SIZE bound to: 6 - type: integer 
INFO: [Synth 8-256] done synthesizing module 'upcnt_n' (37#1) [c:/Users/Admin/Documents/vivado/exercise/TRNG/TRNG.srcs/sources_1/bd/TRNG_BOCK/ipshared/f86a/hdl/proc_sys_reset_v5_0_vh_rfs.vhd:125]
INFO: [Synth 8-256] done synthesizing module 'sequence_psr' (38#1) [c:/Users/Admin/Documents/vivado/exercise/TRNG/TRNG.srcs/sources_1/bd/TRNG_BOCK/ipshared/f86a/hdl/proc_sys_reset_v5_0_vh_rfs.vhd:301]
INFO: [Synth 8-256] done synthesizing module 'proc_sys_reset' (39#1) [c:/Users/Admin/Documents/vivado/exercise/TRNG/TRNG.srcs/sources_1/bd/TRNG_BOCK/ipshared/f86a/hdl/proc_sys_reset_v5_0_vh_rfs.vhd:1323]
INFO: [Synth 8-256] done synthesizing module 'TRNG_BOCK_rst_ps7_0_100M_0' (40#1) [c:/Users/Admin/Documents/vivado/exercise/TRNG/TRNG.srcs/sources_1/bd/TRNG_BOCK/ip/TRNG_BOCK_rst_ps7_0_100M_0/synth/TRNG_BOCK_rst_ps7_0_100M_0.vhd:74]
WARNING: [Synth 8-350] instance 'rst_ps7_0_100M' of module 'TRNG_BOCK_rst_ps7_0_100M_0' requires 10 connections, but only 7 given [C:/Users/Admin/Documents/vivado/exercise/TRNG/TRNG.srcs/sources_1/bd/TRNG_BOCK/synth/TRNG_BOCK.v:298]
INFO: [Synth 8-6155] done synthesizing module 'TRNG_BOCK' (41#1) [C:/Users/Admin/Documents/vivado/exercise/TRNG/TRNG.srcs/sources_1/bd/TRNG_BOCK/synth/TRNG_BOCK.v:13]
INFO: [Synth 8-6155] done synthesizing module 'TRNG_BOCK_wrapper' (42#1) [C:/Users/Admin/Documents/vivado/exercise/TRNG/TRNG.srcs/sources_1/bd/TRNG_BOCK/hdl/TRNG_BOCK_wrapper.v:12]
WARNING: [Synth 8-3331] design cdc_sync has unconnected port prmry_aclk
WARNING: [Synth 8-3331] design cdc_sync has unconnected port prmry_resetn
WARNING: [Synth 8-3331] design cdc_sync has unconnected port prmry_vect_in[1]
WARNING: [Synth 8-3331] design cdc_sync has unconnected port prmry_vect_in[0]
WARNING: [Synth 8-3331] design cdc_sync has unconnected port scndry_resetn
WARNING: [Synth 8-3331] design axi_infrastructure_v1_1_0_vector2axi__parameterized0 has unconnected port m_axi_bid[0]
WARNING: [Synth 8-3331] design axi_infrastructure_v1_1_0_vector2axi__parameterized0 has unconnected port m_axi_buser[0]
WARNING: [Synth 8-3331] design axi_infrastructure_v1_1_0_vector2axi__parameterized0 has unconnected port m_axi_rid[0]
WARNING: [Synth 8-3331] design axi_infrastructure_v1_1_0_vector2axi__parameterized0 has unconnected port m_axi_rlast
WARNING: [Synth 8-3331] design axi_infrastructure_v1_1_0_vector2axi__parameterized0 has unconnected port m_axi_ruser[0]
WARNING: [Synth 8-3331] design axi_infrastructure_v1_1_0_axi2vector__parameterized0 has unconnected port s_axi_awid[0]
WARNING: [Synth 8-3331] design axi_infrastructure_v1_1_0_axi2vector__parameterized0 has unconnected port s_axi_awlen[7]
WARNING: [Synth 8-3331] design axi_infrastructure_v1_1_0_axi2vector__parameterized0 has unconnected port s_axi_awlen[6]
WARNING: [Synth 8-3331] design axi_infrastructure_v1_1_0_axi2vector__parameterized0 has unconnected port s_axi_awlen[5]
WARNING: [Synth 8-3331] design axi_infrastructure_v1_1_0_axi2vector__parameterized0 has unconnected port s_axi_awlen[4]
WARNING: [Synth 8-3331] design axi_infrastructure_v1_1_0_axi2vector__parameterized0 has unconnected port s_axi_awlen[3]
WARNING: [Synth 8-3331] design axi_infrastructure_v1_1_0_axi2vector__parameterized0 has unconnected port s_axi_awlen[2]
WARNING: [Synth 8-3331] design axi_infrastructure_v1_1_0_axi2vector__parameterized0 has unconnected port s_axi_awlen[1]
WARNING: [Synth 8-3331] design axi_infrastructure_v1_1_0_axi2vector__parameterized0 has unconnected port s_axi_awlen[0]
WARNING: [Synth 8-3331] design axi_infrastructure_v1_1_0_axi2vector__parameterized0 has unconnected port s_axi_awsize[2]
WARNING: [Synth 8-3331] design axi_infrastructure_v1_1_0_axi2vector__parameterized0 has unconnected port s_axi_awsize[1]
WARNING: [Synth 8-3331] design axi_infrastructure_v1_1_0_axi2vector__parameterized0 has unconnected port s_axi_awsize[0]
WARNING: [Synth 8-3331] design axi_infrastructure_v1_1_0_axi2vector__parameterized0 has unconnected port s_axi_awburst[1]
WARNING: [Synth 8-3331] design axi_infrastructure_v1_1_0_axi2vector__parameterized0 has unconnected port s_axi_awburst[0]
WARNING: [Synth 8-3331] design axi_infrastructure_v1_1_0_axi2vector__parameterized0 has unconnected port s_axi_awlock[0]
WARNING: [Synth 8-3331] design axi_infrastructure_v1_1_0_axi2vector__parameterized0 has unconnected port s_axi_awcache[3]
WARNING: [Synth 8-3331] design axi_infrastructure_v1_1_0_axi2vector__parameterized0 has unconnected port s_axi_awcache[2]
WARNING: [Synth 8-3331] design axi_infrastructure_v1_1_0_axi2vector__parameterized0 has unconnected port s_axi_awcache[1]
WARNING: [Synth 8-3331] design axi_infrastructure_v1_1_0_axi2vector__parameterized0 has unconnected port s_axi_awcache[0]
WARNING: [Synth 8-3331] design axi_infrastructure_v1_1_0_axi2vector__parameterized0 has unconnected port s_axi_awregion[3]
WARNING: [Synth 8-3331] design axi_infrastructure_v1_1_0_axi2vector__parameterized0 has unconnected port s_axi_awregion[2]
WARNING: [Synth 8-3331] design axi_infrastructure_v1_1_0_axi2vector__parameterized0 has unconnected port s_axi_awregion[1]
WARNING: [Synth 8-3331] design axi_infrastructure_v1_1_0_axi2vector__parameterized0 has unconnected port s_axi_awregion[0]
WARNING: [Synth 8-3331] design axi_infrastructure_v1_1_0_axi2vector__parameterized0 has unconnected port s_axi_awqos[3]
WARNING: [Synth 8-3331] design axi_infrastructure_v1_1_0_axi2vector__parameterized0 has unconnected port s_axi_awqos[2]
WARNING: [Synth 8-3331] design axi_infrastructure_v1_1_0_axi2vector__parameterized0 has unconnected port s_axi_awqos[1]
WARNING: [Synth 8-3331] design axi_infrastructure_v1_1_0_axi2vector__parameterized0 has unconnected port s_axi_awqos[0]
WARNING: [Synth 8-3331] design axi_infrastructure_v1_1_0_axi2vector__parameterized0 has unconnected port s_axi_awuser[0]
WARNING: [Synth 8-3331] design axi_infrastructure_v1_1_0_axi2vector__parameterized0 has unconnected port s_axi_wid[0]
WARNING: [Synth 8-3331] design axi_infrastructure_v1_1_0_axi2vector__parameterized0 has unconnected port s_axi_wlast
WARNING: [Synth 8-3331] design axi_infrastructure_v1_1_0_axi2vector__parameterized0 has unconnected port s_axi_wuser[0]
WARNING: [Synth 8-3331] design axi_infrastructure_v1_1_0_axi2vector__parameterized0 has unconnected port s_axi_arid[0]
WARNING: [Synth 8-3331] design axi_infrastructure_v1_1_0_axi2vector__parameterized0 has unconnected port s_axi_arlen[7]
WARNING: [Synth 8-3331] design axi_infrastructure_v1_1_0_axi2vector__parameterized0 has unconnected port s_axi_arlen[6]
WARNING: [Synth 8-3331] design axi_infrastructure_v1_1_0_axi2vector__parameterized0 has unconnected port s_axi_arlen[5]
WARNING: [Synth 8-3331] design axi_infrastructure_v1_1_0_axi2vector__parameterized0 has unconnected port s_axi_arlen[4]
WARNING: [Synth 8-3331] design axi_infrastructure_v1_1_0_axi2vector__parameterized0 has unconnected port s_axi_arlen[3]
WARNING: [Synth 8-3331] design axi_infrastructure_v1_1_0_axi2vector__parameterized0 has unconnected port s_axi_arlen[2]
WARNING: [Synth 8-3331] design axi_infrastructure_v1_1_0_axi2vector__parameterized0 has unconnected port s_axi_arlen[1]
WARNING: [Synth 8-3331] design axi_infrastructure_v1_1_0_axi2vector__parameterized0 has unconnected port s_axi_arlen[0]
WARNING: [Synth 8-3331] design axi_infrastructure_v1_1_0_axi2vector__parameterized0 has unconnected port s_axi_arsize[2]
WARNING: [Synth 8-3331] design axi_infrastructure_v1_1_0_axi2vector__parameterized0 has unconnected port s_axi_arsize[1]
WARNING: [Synth 8-3331] design axi_infrastructure_v1_1_0_axi2vector__parameterized0 has unconnected port s_axi_arsize[0]
WARNING: [Synth 8-3331] design axi_infrastructure_v1_1_0_axi2vector__parameterized0 has unconnected port s_axi_arburst[1]
WARNING: [Synth 8-3331] design axi_infrastructure_v1_1_0_axi2vector__parameterized0 has unconnected port s_axi_arburst[0]
WARNING: [Synth 8-3331] design axi_infrastructure_v1_1_0_axi2vector__parameterized0 has unconnected port s_axi_arlock[0]
WARNING: [Synth 8-3331] design axi_infrastructure_v1_1_0_axi2vector__parameterized0 has unconnected port s_axi_arcache[3]
WARNING: [Synth 8-3331] design axi_infrastructure_v1_1_0_axi2vector__parameterized0 has unconnected port s_axi_arcache[2]
WARNING: [Synth 8-3331] design axi_infrastructure_v1_1_0_axi2vector__parameterized0 has unconnected port s_axi_arcache[1]
WARNING: [Synth 8-3331] design axi_infrastructure_v1_1_0_axi2vector__parameterized0 has unconnected port s_axi_arcache[0]
WARNING: [Synth 8-3331] design axi_infrastructure_v1_1_0_axi2vector__parameterized0 has unconnected port s_axi_arregion[3]
WARNING: [Synth 8-3331] design axi_infrastructure_v1_1_0_axi2vector__parameterized0 has unconnected port s_axi_arregion[2]
WARNING: [Synth 8-3331] design axi_infrastructure_v1_1_0_axi2vector__parameterized0 has unconnected port s_axi_arregion[1]
WARNING: [Synth 8-3331] design axi_infrastructure_v1_1_0_axi2vector__parameterized0 has unconnected port s_axi_arregion[0]
WARNING: [Synth 8-3331] design axi_infrastructure_v1_1_0_axi2vector__parameterized0 has unconnected port s_axi_arqos[3]
WARNING: [Synth 8-3331] design axi_infrastructure_v1_1_0_axi2vector__parameterized0 has unconnected port s_axi_arqos[2]
WARNING: [Synth 8-3331] design axi_infrastructure_v1_1_0_axi2vector__parameterized0 has unconnected port s_axi_arqos[1]
WARNING: [Synth 8-3331] design axi_infrastructure_v1_1_0_axi2vector__parameterized0 has unconnected port s_axi_arqos[0]
WARNING: [Synth 8-3331] design axi_infrastructure_v1_1_0_axi2vector__parameterized0 has unconnected port s_axi_aruser[0]
WARNING: [Synth 8-3331] design axi_register_slice_v2_1_17_axic_register_slice__parameterized6 has unconnected port ACLK
WARNING: [Synth 8-3331] design axi_register_slice_v2_1_17_axic_register_slice__parameterized6 has unconnected port ARESET
WARNING: [Synth 8-3331] design axi_register_slice_v2_1_17_axic_register_slice__parameterized3 has unconnected port ACLK
WARNING: [Synth 8-3331] design axi_register_slice_v2_1_17_axic_register_slice__parameterized3 has unconnected port ARESET
WARNING: [Synth 8-3331] design axi_register_slice_v2_1_17_axic_register_slice__parameterized5 has unconnected port ACLK
WARNING: [Synth 8-3331] design axi_register_slice_v2_1_17_axic_register_slice__parameterized5 has unconnected port ARESET
WARNING: [Synth 8-3331] design axi_register_slice_v2_1_17_axic_register_slice__parameterized4 has unconnected port ACLK
WARNING: [Synth 8-3331] design axi_register_slice_v2_1_17_axic_register_slice__parameterized4 has unconnected port ARESET
WARNING: [Synth 8-3331] design axi_register_slice_v2_1_17_axi_register_slice__parameterized0 has unconnected port aclk2x
WARNING: [Synth 8-3331] design axi_infrastructure_v1_1_0_vector2axi has unconnected port m_axi_buser[0]
WARNING: [Synth 8-3331] design axi_infrastructure_v1_1_0_vector2axi has unconnected port m_axi_ruser[0]
WARNING: [Synth 8-3331] design axi_infrastructure_v1_1_0_axi2vector has unconnected port s_axi_awregion[3]
WARNING: [Synth 8-3331] design axi_infrastructure_v1_1_0_axi2vector has unconnected port s_axi_awregion[2]
WARNING: [Synth 8-3331] design axi_infrastructure_v1_1_0_axi2vector has unconnected port s_axi_awregion[1]
WARNING: [Synth 8-3331] design axi_infrastructure_v1_1_0_axi2vector has unconnected port s_axi_awregion[0]
WARNING: [Synth 8-3331] design axi_infrastructure_v1_1_0_axi2vector has unconnected port s_axi_awuser[0]
WARNING: [Synth 8-3331] design axi_infrastructure_v1_1_0_axi2vector has unconnected port s_axi_wuser[0]
WARNING: [Synth 8-3331] design axi_infrastructure_v1_1_0_axi2vector has unconnected port s_axi_arregion[3]
WARNING: [Synth 8-3331] design axi_infrastructure_v1_1_0_axi2vector has unconnected port s_axi_arregion[2]
WARNING: [Synth 8-3331] design axi_infrastructure_v1_1_0_axi2vector has unconnected port s_axi_arregion[1]
WARNING: [Synth 8-3331] design axi_infrastructure_v1_1_0_axi2vector has unconnected port s_axi_arregion[0]
WARNING: [Synth 8-3331] design axi_infrastructure_v1_1_0_axi2vector has unconnected port s_axi_aruser[0]
WARNING: [Synth 8-3331] design axi_register_slice_v2_1_17_axic_register_slice__parameterized0 has unconnected port ACLK
WARNING: [Synth 8-3331] design axi_register_slice_v2_1_17_axic_register_slice__parameterized0 has unconnected port ARESET
WARNING: [Synth 8-3331] design axi_register_slice_v2_1_17_axi_register_slice has unconnected port aclk2x
WARNING: [Synth 8-3331] design axi_protocol_converter_v2_1_17_b2s_rd_cmd_fsm has unconnected port s_arlen[7]
WARNING: [Synth 8-3331] design axi_protocol_converter_v2_1_17_b2s_rd_cmd_fsm has unconnected port s_arlen[6]
WARNING: [Synth 8-3331] design axi_protocol_converter_v2_1_17_b2s_rd_cmd_fsm has unconnected port s_arlen[5]
WARNING: [Synth 8-3331] design axi_protocol_converter_v2_1_17_b2s_rd_cmd_fsm has unconnected port s_arlen[4]
WARNING: [Synth 8-3331] design axi_protocol_converter_v2_1_17_b2s_rd_cmd_fsm has unconnected port s_arlen[3]
WARNING: [Synth 8-3331] design axi_protocol_converter_v2_1_17_b2s_rd_cmd_fsm has unconnected port s_arlen[2]
INFO: [Common 17-14] Message 'Synth 8-3331' appears 100 times and further instances of the messages will be disabled. Use the Tcl command set_msg_config to change the current settings.
---------------------------------------------------------------------------------
Finished RTL Elaboration : Time (s): cpu = 00:00:31 ; elapsed = 00:00:41 . Memory (MB): peak = 543.863 ; gain = 269.816
---------------------------------------------------------------------------------

Report Check Netlist: 
+------+------------------+-------+---------+-------+------------------+
|      |Item              |Errors |Warnings |Status |Description       |
+------+------------------+-------+---------+-------+------------------+
|1     |multi_driven_nets |      0|        0|Passed |Multi driven nets |
+------+------------------+-------+---------+-------+------------------+
---------------------------------------------------------------------------------
Start Handling Custom Attributes
---------------------------------------------------------------------------------
---------------------------------------------------------------------------------
Finished Handling Custom Attributes : Time (s): cpu = 00:00:31 ; elapsed = 00:00:41 . Memory (MB): peak = 543.863 ; gain = 269.816
---------------------------------------------------------------------------------
---------------------------------------------------------------------------------
Finished RTL Optimization Phase 1 : Time (s): cpu = 00:00:31 ; elapsed = 00:00:41 . Memory (MB): peak = 543.863 ; gain = 269.816
---------------------------------------------------------------------------------
INFO: [Netlist 29-17] Analyzing 13 Unisim elements for replacement
INFO: [Netlist 29-28] Unisim Transformation completed in 0 CPU seconds
INFO: [Device 21-403] Loading part xc7z020clg400-1
INFO: [Project 1-570] Preparing netlist for logic optimization

Processing XDC Constraints
Initializing timing engine
Parsing XDC File [c:/Users/Admin/Documents/vivado/exercise/TRNG/TRNG.srcs/sources_1/bd/TRNG_BOCK/ip/TRNG_BOCK_processing_system7_0_0/TRNG_BOCK_processing_system7_0_0.xdc] for cell 'TRNG_BOCK_i/processing_system7_0/inst'
Finished Parsing XDC File [c:/Users/Admin/Documents/vivado/exercise/TRNG/TRNG.srcs/sources_1/bd/TRNG_BOCK/ip/TRNG_BOCK_processing_system7_0_0/TRNG_BOCK_processing_system7_0_0.xdc] for cell 'TRNG_BOCK_i/processing_system7_0/inst'
INFO: [Project 1-236] Implementation specific constraints were found while reading constraint file [c:/Users/Admin/Documents/vivado/exercise/TRNG/TRNG.srcs/sources_1/bd/TRNG_BOCK/ip/TRNG_BOCK_processing_system7_0_0/TRNG_BOCK_processing_system7_0_0.xdc]. These constraints will be ignored for synthesis but will be used in implementation. Impacted constraints are listed in the file [.Xil/TRNG_BOCK_wrapper_propImpl.xdc].
Resolution: To avoid this warning, move constraints listed in [.Xil/TRNG_BOCK_wrapper_propImpl.xdc] to another XDC file and exclude this new file from synthesis with the used_in_synthesis property (File Properties dialog in GUI) and re-run elaboration/synthesis.
Parsing XDC File [c:/Users/Admin/Documents/vivado/exercise/TRNG/TRNG.srcs/sources_1/bd/TRNG_BOCK/ip/TRNG_BOCK_rst_ps7_0_100M_0/TRNG_BOCK_rst_ps7_0_100M_0_board.xdc] for cell 'TRNG_BOCK_i/rst_ps7_0_100M/U0'
Finished Parsing XDC File [c:/Users/Admin/Documents/vivado/exercise/TRNG/TRNG.srcs/sources_1/bd/TRNG_BOCK/ip/TRNG_BOCK_rst_ps7_0_100M_0/TRNG_BOCK_rst_ps7_0_100M_0_board.xdc] for cell 'TRNG_BOCK_i/rst_ps7_0_100M/U0'
Parsing XDC File [c:/Users/Admin/Documents/vivado/exercise/TRNG/TRNG.srcs/sources_1/bd/TRNG_BOCK/ip/TRNG_BOCK_rst_ps7_0_100M_0/TRNG_BOCK_rst_ps7_0_100M_0.xdc] for cell 'TRNG_BOCK_i/rst_ps7_0_100M/U0'
Finished Parsing XDC File [c:/Users/Admin/Documents/vivado/exercise/TRNG/TRNG.srcs/sources_1/bd/TRNG_BOCK/ip/TRNG_BOCK_rst_ps7_0_100M_0/TRNG_BOCK_rst_ps7_0_100M_0.xdc] for cell 'TRNG_BOCK_i/rst_ps7_0_100M/U0'
Parsing XDC File [C:/Users/Admin/Documents/Chaos_Based_Symmetric_Image_Encryption/vivado/Arty-Z7-20-Master.xdc]
WARNING: [Vivado 12-584] No ports matched 'en_0'. [C:/Users/Admin/Documents/Chaos_Based_Symmetric_Image_Encryption/vivado/Arty-Z7-20-Master.xdc:11]
CRITICAL WARNING: [Common 17-55] 'set_property' expects at least one object. [C:/Users/Admin/Documents/Chaos_Based_Symmetric_Image_Encryption/vivado/Arty-Z7-20-Master.xdc:11]
Resolution: If [get_<value>] was used to populate the object, check to make sure this command returns at least one valid object.
Finished Parsing XDC File [C:/Users/Admin/Documents/Chaos_Based_Symmetric_Image_Encryption/vivado/Arty-Z7-20-Master.xdc]
INFO: [Project 1-236] Implementation specific constraints were found while reading constraint file [C:/Users/Admin/Documents/Chaos_Based_Symmetric_Image_Encryption/vivado/Arty-Z7-20-Master.xdc]. These constraints will be ignored for synthesis but will be used in implementation. Impacted constraints are listed in the file [.Xil/TRNG_BOCK_wrapper_propImpl.xdc].
Resolution: To avoid this warning, move constraints listed in [.Xil/TRNG_BOCK_wrapper_propImpl.xdc] to another XDC file and exclude this new file from synthesis with the used_in_synthesis property (File Properties dialog in GUI) and re-run elaboration/synthesis.
Parsing XDC File [C:/Users/Admin/Documents/vivado/exercise/TRNG/TRNG.runs/synth_1/dont_touch.xdc]
Finished Parsing XDC File [C:/Users/Admin/Documents/vivado/exercise/TRNG/TRNG.runs/synth_1/dont_touch.xdc]
INFO: [Project 1-236] Implementation specific constraints were found while reading constraint file [C:/Users/Admin/Documents/vivado/exercise/TRNG/TRNG.runs/synth_1/dont_touch.xdc]. These constraints will be ignored for synthesis but will be used in implementation. Impacted constraints are listed in the file [.Xil/TRNG_BOCK_wrapper_propImpl.xdc].
Resolution: To avoid this warning, move constraints listed in [.Xil/TRNG_BOCK_wrapper_propImpl.xdc] to another XDC file and exclude this new file from synthesis with the used_in_synthesis property (File Properties dialog in GUI) and re-run elaboration/synthesis.
Completed Processing XDC Constraints

INFO: [Project 1-111] Unisim Transformation Summary:
  A total of 13 instances were transformed.
  FDR => FDRE: 12 instances
  SRL16 => SRL16E: 1 instances

Constraint Validation Runtime : Time (s): cpu = 00:00:00 ; elapsed = 00:00:00.245 . Memory (MB): peak = 823.699 ; gain = 1.613
---------------------------------------------------------------------------------
Finished Constraint Validation : Time (s): cpu = 00:00:42 ; elapsed = 00:00:57 . Memory (MB): peak = 823.699 ; gain = 549.652
---------------------------------------------------------------------------------
---------------------------------------------------------------------------------
Start Loading Part and Timing Information
---------------------------------------------------------------------------------
Loading part: xc7z020clg400-1
---------------------------------------------------------------------------------
Finished Loading Part and Timing Information : Time (s): cpu = 00:00:42 ; elapsed = 00:00:57 . Memory (MB): peak = 823.699 ; gain = 549.652
---------------------------------------------------------------------------------
---------------------------------------------------------------------------------
Start Applying 'set_property' XDC Constraints
---------------------------------------------------------------------------------
WARNING: set_property ALLOW_COMBINATORIAL_LOOPS could not find object (constraint file  C:/Users/Admin/Documents/Chaos_Based_Symmetric_Image_Encryption/vivado/Arty-Z7-20-Master.xdc, line 188).
WARNING: set_property ALLOW_COMBINATORIAL_LOOPS could not find object (constraint file  C:/Users/Admin/Documents/Chaos_Based_Symmetric_Image_Encryption/vivado/Arty-Z7-20-Master.xdc, line 188).
WARNING: set_property ALLOW_COMBINATORIAL_LOOPS could not find object (constraint file  C:/Users/Admin/Documents/Chaos_Based_Symmetric_Image_Encryption/vivado/Arty-Z7-20-Master.xdc, line 188).
WARNING: set_property ALLOW_COMBINATORIAL_LOOPS could not find object (constraint file  C:/Users/Admin/Documents/Chaos_Based_Symmetric_Image_Encryption/vivado/Arty-Z7-20-Master.xdc, line 188).
WARNING: set_property ALLOW_COMBINATORIAL_LOOPS could not find object (constraint file  C:/Users/Admin/Documents/Chaos_Based_Symmetric_Image_Encryption/vivado/Arty-Z7-20-Master.xdc, line 188).
WARNING: set_property ALLOW_COMBINATORIAL_LOOPS could not find object (constraint file  C:/Users/Admin/Documents/Chaos_Based_Symmetric_Image_Encryption/vivado/Arty-Z7-20-Master.xdc, line 188).
WARNING: set_property ALLOW_COMBINATORIAL_LOOPS could not find object (constraint file  C:/Users/Admin/Documents/Chaos_Based_Symmetric_Image_Encryption/vivado/Arty-Z7-20-Master.xdc, line 188).
WARNING: set_property ALLOW_COMBINATORIAL_LOOPS could not find object (constraint file  C:/Users/Admin/Documents/Chaos_Based_Symmetric_Image_Encryption/vivado/Arty-Z7-20-Master.xdc, line 188).
WARNING: set_property ALLOW_COMBINATORIAL_LOOPS could not find object (constraint file  C:/Users/Admin/Documents/Chaos_Based_Symmetric_Image_Encryption/vivado/Arty-Z7-20-Master.xdc, line 188).
WARNING: set_property ALLOW_COMBINATORIAL_LOOPS could not find object (constraint file  C:/Users/Admin/Documents/Chaos_Based_Symmetric_Image_Encryption/vivado/Arty-Z7-20-Master.xdc, line 188).
WARNING: set_property ALLOW_COMBINATORIAL_LOOPS could not find object (constraint file  C:/Users/Admin/Documents/Chaos_Based_Symmetric_Image_Encryption/vivado/Arty-Z7-20-Master.xdc, line 188).
WARNING: set_property ALLOW_COMBINATORIAL_LOOPS could not find object (constraint file  C:/Users/Admin/Documents/Chaos_Based_Symmetric_Image_Encryption/vivado/Arty-Z7-20-Master.xdc, line 188).
WARNING: set_property ALLOW_COMBINATORIAL_LOOPS could not find object (constraint file  C:/Users/Admin/Documents/Chaos_Based_Symmetric_Image_Encryption/vivado/Arty-Z7-20-Master.xdc, line 188).
WARNING: set_property ALLOW_COMBINATORIAL_LOOPS could not find object (constraint file  C:/Users/Admin/Documents/Chaos_Based_Symmetric_Image_Encryption/vivado/Arty-Z7-20-Master.xdc, line 188).
WARNING: set_property ALLOW_COMBINATORIAL_LOOPS could not find object (constraint file  C:/Users/Admin/Documents/Chaos_Based_Symmetric_Image_Encryption/vivado/Arty-Z7-20-Master.xdc, line 188).
WARNING: set_property ALLOW_COMBINATORIAL_LOOPS could not find object (constraint file  C:/Users/Admin/Documents/Chaos_Based_Symmetric_Image_Encryption/vivado/Arty-Z7-20-Master.xdc, line 188).
WARNING: set_property ALLOW_COMBINATORIAL_LOOPS could not find object (constraint file  C:/Users/Admin/Documents/Chaos_Based_Symmetric_Image_Encryption/vivado/Arty-Z7-20-Master.xdc, line 188).
WARNING: set_property ALLOW_COMBINATORIAL_LOOPS could not find object (constraint file  C:/Users/Admin/Documents/Chaos_Based_Symmetric_Image_Encryption/vivado/Arty-Z7-20-Master.xdc, line 188).
WARNING: set_property ALLOW_COMBINATORIAL_LOOPS could not find object (constraint file  C:/Users/Admin/Documents/Chaos_Based_Symmetric_Image_Encryption/vivado/Arty-Z7-20-Master.xdc, line 188).
WARNING: set_property ALLOW_COMBINATORIAL_LOOPS could not find object (constraint file  C:/Users/Admin/Documents/Chaos_Based_Symmetric_Image_Encryption/vivado/Arty-Z7-20-Master.xdc, line 188).
WARNING: set_property ALLOW_COMBINATORIAL_LOOPS could not find object (constraint file  C:/Users/Admin/Documents/Chaos_Based_Symmetric_Image_Encryption/vivado/Arty-Z7-20-Master.xdc, line 188).
WARNING: set_property ALLOW_COMBINATORIAL_LOOPS could not find object (constraint file  C:/Users/Admin/Documents/Chaos_Based_Symmetric_Image_Encryption/vivado/Arty-Z7-20-Master.xdc, line 188).
WARNING: set_property ALLOW_COMBINATORIAL_LOOPS could not find object (constraint file  C:/Users/Admin/Documents/Chaos_Based_Symmetric_Image_Encryption/vivado/Arty-Z7-20-Master.xdc, line 188).
WARNING: set_property ALLOW_COMBINATORIAL_LOOPS could not find object (constraint file  C:/Users/Admin/Documents/Chaos_Based_Symmetric_Image_Encryption/vivado/Arty-Z7-20-Master.xdc, line 188).
WARNING: set_property ALLOW_COMBINATORIAL_LOOPS could not find object (constraint file  C:/Users/Admin/Documents/Chaos_Based_Symmetric_Image_Encryption/vivado/Arty-Z7-20-Master.xdc, line 188).
WARNING: set_property ALLOW_COMBINATORIAL_LOOPS could not find object (constraint file  C:/Users/Admin/Documents/Chaos_Based_Symmetric_Image_Encryption/vivado/Arty-Z7-20-Master.xdc, line 188).
WARNING: set_property ALLOW_COMBINATORIAL_LOOPS could not find object (constraint file  C:/Users/Admin/Documents/Chaos_Based_Symmetric_Image_Encryption/vivado/Arty-Z7-20-Master.xdc, line 188).
WARNING: set_property ALLOW_COMBINATORIAL_LOOPS could not find object (constraint file  C:/Users/Admin/Documents/Chaos_Based_Symmetric_Image_Encryption/vivado/Arty-Z7-20-Master.xdc, line 188).
WARNING: set_property ALLOW_COMBINATORIAL_LOOPS could not find object (constraint file  C:/Users/Admin/Documents/Chaos_Based_Symmetric_Image_Encryption/vivado/Arty-Z7-20-Master.xdc, line 188).
WARNING: set_property ALLOW_COMBINATORIAL_LOOPS could not find object (constraint file  C:/Users/Admin/Documents/Chaos_Based_Symmetric_Image_Encryption/vivado/Arty-Z7-20-Master.xdc, line 188).
WARNING: set_property ALLOW_COMBINATORIAL_LOOPS could not find object (constraint file  C:/Users/Admin/Documents/Chaos_Based_Symmetric_Image_Encryption/vivado/Arty-Z7-20-Master.xdc, line 188).
WARNING: set_property ALLOW_COMBINATORIAL_LOOPS could not find object (constraint file  C:/Users/Admin/Documents/Chaos_Based_Symmetric_Image_Encryption/vivado/Arty-Z7-20-Master.xdc, line 188).
WARNING: set_property ALLOW_COMBINATORIAL_LOOPS could not find object (constraint file  C:/Users/Admin/Documents/Chaos_Based_Symmetric_Image_Encryption/vivado/Arty-Z7-20-Master.xdc, line 188).
WARNING: set_property ALLOW_COMBINATORIAL_LOOPS could not find object (constraint file  C:/Users/Admin/Documents/Chaos_Based_Symmetric_Image_Encryption/vivado/Arty-Z7-20-Master.xdc, line 188).
WARNING: set_property ALLOW_COMBINATORIAL_LOOPS could not find object (constraint file  C:/Users/Admin/Documents/Chaos_Based_Symmetric_Image_Encryption/vivado/Arty-Z7-20-Master.xdc, line 188).
WARNING: set_property ALLOW_COMBINATORIAL_LOOPS could not find object (constraint file  C:/Users/Admin/Documents/Chaos_Based_Symmetric_Image_Encryption/vivado/Arty-Z7-20-Master.xdc, line 188).
WARNING: set_property ALLOW_COMBINATORIAL_LOOPS could not find object (constraint file  C:/Users/Admin/Documents/Chaos_Based_Symmetric_Image_Encryption/vivado/Arty-Z7-20-Master.xdc, line 188).
WARNING: set_property ALLOW_COMBINATORIAL_LOOPS could not find object (constraint file  C:/Users/Admin/Documents/Chaos_Based_Symmetric_Image_Encryption/vivado/Arty-Z7-20-Master.xdc, line 188).
WARNING: set_property ALLOW_COMBINATORIAL_LOOPS could not find object (constraint file  C:/Users/Admin/Documents/Chaos_Based_Symmetric_Image_Encryption/vivado/Arty-Z7-20-Master.xdc, line 188).
WARNING: set_property ALLOW_COMBINATORIAL_LOOPS could not find object (constraint file  C:/Users/Admin/Documents/Chaos_Based_Symmetric_Image_Encryption/vivado/Arty-Z7-20-Master.xdc, line 188).
WARNING: set_property ALLOW_COMBINATORIAL_LOOPS could not find object (constraint file  C:/Users/Admin/Documents/Chaos_Based_Symmetric_Image_Encryption/vivado/Arty-Z7-20-Master.xdc, line 188).
WARNING: set_property ALLOW_COMBINATORIAL_LOOPS could not find object (constraint file  C:/Users/Admin/Documents/Chaos_Based_Symmetric_Image_Encryption/vivado/Arty-Z7-20-Master.xdc, line 188).
WARNING: set_property ALLOW_COMBINATORIAL_LOOPS could not find object (constraint file  C:/Users/Admin/Documents/Chaos_Based_Symmetric_Image_Encryption/vivado/Arty-Z7-20-Master.xdc, line 188).
WARNING: set_property ALLOW_COMBINATORIAL_LOOPS could not find object (constraint file  C:/Users/Admin/Documents/Chaos_Based_Symmetric_Image_Encryption/vivado/Arty-Z7-20-Master.xdc, line 188).
WARNING: set_property ALLOW_COMBINATORIAL_LOOPS could not find object (constraint file  C:/Users/Admin/Documents/Chaos_Based_Symmetric_Image_Encryption/vivado/Arty-Z7-20-Master.xdc, line 188).
WARNING: set_property ALLOW_COMBINATORIAL_LOOPS could not find object (constraint file  C:/Users/Admin/Documents/Chaos_Based_Symmetric_Image_Encryption/vivado/Arty-Z7-20-Master.xdc, line 188).
WARNING: set_property ALLOW_COMBINATORIAL_LOOPS could not find object (constraint file  C:/Users/Admin/Documents/Chaos_Based_Symmetric_Image_Encryption/vivado/Arty-Z7-20-Master.xdc, line 188).
WARNING: set_property ALLOW_COMBINATORIAL_LOOPS could not find object (constraint file  C:/Users/Admin/Documents/Chaos_Based_Symmetric_Image_Encryption/vivado/Arty-Z7-20-Master.xdc, line 188).
WARNING: set_property ALLOW_COMBINATORIAL_LOOPS could not find object (constraint file  C:/Users/Admin/Documents/Chaos_Based_Symmetric_Image_Encryption/vivado/Arty-Z7-20-Master.xdc, line 188).
WARNING: set_property ALLOW_COMBINATORIAL_LOOPS could not find object (constraint file  C:/Users/Admin/Documents/Chaos_Based_Symmetric_Image_Encryption/vivado/Arty-Z7-20-Master.xdc, line 188).
WARNING: set_property ALLOW_COMBINATORIAL_LOOPS could not find object (constraint file  C:/Users/Admin/Documents/Chaos_Based_Symmetric_Image_Encryption/vivado/Arty-Z7-20-Master.xdc, line 188).
WARNING: set_property ALLOW_COMBINATORIAL_LOOPS could not find object (constraint file  C:/Users/Admin/Documents/Chaos_Based_Symmetric_Image_Encryption/vivado/Arty-Z7-20-Master.xdc, line 188).
WARNING: set_property ALLOW_COMBINATORIAL_LOOPS could not find object (constraint file  C:/Users/Admin/Documents/Chaos_Based_Symmetric_Image_Encryption/vivado/Arty-Z7-20-Master.xdc, line 188).
WARNING: set_property ALLOW_COMBINATORIAL_LOOPS could not find object (constraint file  C:/Users/Admin/Documents/Chaos_Based_Symmetric_Image_Encryption/vivado/Arty-Z7-20-Master.xdc, line 188).
WARNING: set_property ALLOW_COMBINATORIAL_LOOPS could not find object (constraint file  C:/Users/Admin/Documents/Chaos_Based_Symmetric_Image_Encryption/vivado/Arty-Z7-20-Master.xdc, line 188).
WARNING: set_property ALLOW_COMBINATORIAL_LOOPS could not find object (constraint file  C:/Users/Admin/Documents/Chaos_Based_Symmetric_Image_Encryption/vivado/Arty-Z7-20-Master.xdc, line 188).
WARNING: set_property ALLOW_COMBINATORIAL_LOOPS could not find object (constraint file  C:/Users/Admin/Documents/Chaos_Based_Symmetric_Image_Encryption/vivado/Arty-Z7-20-Master.xdc, line 188).
WARNING: set_property ALLOW_COMBINATORIAL_LOOPS could not find object (constraint file  C:/Users/Admin/Documents/Chaos_Based_Symmetric_Image_Encryption/vivado/Arty-Z7-20-Master.xdc, line 188).
WARNING: set_property ALLOW_COMBINATORIAL_LOOPS could not find object (constraint file  C:/Users/Admin/Documents/Chaos_Based_Symmetric_Image_Encryption/vivado/Arty-Z7-20-Master.xdc, line 188).
WARNING: set_property ALLOW_COMBINATORIAL_LOOPS could not find object (constraint file  C:/Users/Admin/Documents/Chaos_Based_Symmetric_Image_Encryption/vivado/Arty-Z7-20-Master.xdc, line 188).
WARNING: set_property ALLOW_COMBINATORIAL_LOOPS could not find object (constraint file  C:/Users/Admin/Documents/Chaos_Based_Symmetric_Image_Encryption/vivado/Arty-Z7-20-Master.xdc, line 188).
WARNING: set_property ALLOW_COMBINATORIAL_LOOPS could not find object (constraint file  C:/Users/Admin/Documents/Chaos_Based_Symmetric_Image_Encryption/vivado/Arty-Z7-20-Master.xdc, line 188).
WARNING: set_property ALLOW_COMBINATORIAL_LOOPS could not find object (constraint file  C:/Users/Admin/Documents/Chaos_Based_Symmetric_Image_Encryption/vivado/Arty-Z7-20-Master.xdc, line 188).
WARNING: set_property ALLOW_COMBINATORIAL_LOOPS could not find object (constraint file  C:/Users/Admin/Documents/Chaos_Based_Symmetric_Image_Encryption/vivado/Arty-Z7-20-Master.xdc, line 188).
WARNING: set_property ALLOW_COMBINATORIAL_LOOPS could not find object (constraint file  C:/Users/Admin/Documents/Chaos_Based_Symmetric_Image_Encryption/vivado/Arty-Z7-20-Master.xdc, line 188).
WARNING: set_property ALLOW_COMBINATORIAL_LOOPS could not find object (constraint file  C:/Users/Admin/Documents/Chaos_Based_Symmetric_Image_Encryption/vivado/Arty-Z7-20-Master.xdc, line 188).
WARNING: set_property ALLOW_COMBINATORIAL_LOOPS could not find object (constraint file  C:/Users/Admin/Documents/Chaos_Based_Symmetric_Image_Encryption/vivado/Arty-Z7-20-Master.xdc, line 188).
WARNING: set_property ALLOW_COMBINATORIAL_LOOPS could not find object (constraint file  C:/Users/Admin/Documents/Chaos_Based_Symmetric_Image_Encryption/vivado/Arty-Z7-20-Master.xdc, line 188).
WARNING: set_property ALLOW_COMBINATORIAL_LOOPS could not find object (constraint file  C:/Users/Admin/Documents/Chaos_Based_Symmetric_Image_Encryption/vivado/Arty-Z7-20-Master.xdc, line 188).
WARNING: set_property ALLOW_COMBINATORIAL_LOOPS could not find object (constraint file  C:/Users/Admin/Documents/Chaos_Based_Symmetric_Image_Encryption/vivado/Arty-Z7-20-Master.xdc, line 188).
WARNING: set_property ALLOW_COMBINATORIAL_LOOPS could not find object (constraint file  C:/Users/Admin/Documents/Chaos_Based_Symmetric_Image_Encryption/vivado/Arty-Z7-20-Master.xdc, line 188).
WARNING: set_property ALLOW_COMBINATORIAL_LOOPS could not find object (constraint file  C:/Users/Admin/Documents/Chaos_Based_Symmetric_Image_Encryption/vivado/Arty-Z7-20-Master.xdc, line 188).
WARNING: set_property ALLOW_COMBINATORIAL_LOOPS could not find object (constraint file  C:/Users/Admin/Documents/Chaos_Based_Symmetric_Image_Encryption/vivado/Arty-Z7-20-Master.xdc, line 188).
WARNING: set_property ALLOW_COMBINATORIAL_LOOPS could not find object (constraint file  C:/Users/Admin/Documents/Chaos_Based_Symmetric_Image_Encryption/vivado/Arty-Z7-20-Master.xdc, line 188).
WARNING: set_property ALLOW_COMBINATORIAL_LOOPS could not find object (constraint file  C:/Users/Admin/Documents/Chaos_Based_Symmetric_Image_Encryption/vivado/Arty-Z7-20-Master.xdc, line 188).
WARNING: set_property ALLOW_COMBINATORIAL_LOOPS could not find object (constraint file  C:/Users/Admin/Documents/Chaos_Based_Symmetric_Image_Encryption/vivado/Arty-Z7-20-Master.xdc, line 188).
WARNING: set_property ALLOW_COMBINATORIAL_LOOPS could not find object (constraint file  C:/Users/Admin/Documents/Chaos_Based_Symmetric_Image_Encryption/vivado/Arty-Z7-20-Master.xdc, line 188).
WARNING: set_property ALLOW_COMBINATORIAL_LOOPS could not find object (constraint file  C:/Users/Admin/Documents/Chaos_Based_Symmetric_Image_Encryption/vivado/Arty-Z7-20-Master.xdc, line 188).
WARNING: set_property ALLOW_COMBINATORIAL_LOOPS could not find object (constraint file  C:/Users/Admin/Documents/Chaos_Based_Symmetric_Image_Encryption/vivado/Arty-Z7-20-Master.xdc, line 188).
WARNING: set_property ALLOW_COMBINATORIAL_LOOPS could not find object (constraint file  C:/Users/Admin/Documents/Chaos_Based_Symmetric_Image_Encryption/vivado/Arty-Z7-20-Master.xdc, line 188).
WARNING: set_property ALLOW_COMBINATORIAL_LOOPS could not find object (constraint file  C:/Users/Admin/Documents/Chaos_Based_Symmetric_Image_Encryption/vivado/Arty-Z7-20-Master.xdc, line 188).
WARNING: set_property ALLOW_COMBINATORIAL_LOOPS could not find object (constraint file  C:/Users/Admin/Documents/Chaos_Based_Symmetric_Image_Encryption/vivado/Arty-Z7-20-Master.xdc, line 188).
WARNING: set_property ALLOW_COMBINATORIAL_LOOPS could not find object (constraint file  C:/Users/Admin/Documents/Chaos_Based_Symmetric_Image_Encryption/vivado/Arty-Z7-20-Master.xdc, line 188).
WARNING: set_property ALLOW_COMBINATORIAL_LOOPS could not find object (constraint file  C:/Users/Admin/Documents/Chaos_Based_Symmetric_Image_Encryption/vivado/Arty-Z7-20-Master.xdc, line 188).
WARNING: set_property ALLOW_COMBINATORIAL_LOOPS could not find object (constraint file  C:/Users/Admin/Documents/Chaos_Based_Symmetric_Image_Encryption/vivado/Arty-Z7-20-Master.xdc, line 188).
WARNING: set_property ALLOW_COMBINATORIAL_LOOPS could not find object (constraint file  C:/Users/Admin/Documents/Chaos_Based_Symmetric_Image_Encryption/vivado/Arty-Z7-20-Master.xdc, line 188).
WARNING: set_property ALLOW_COMBINATORIAL_LOOPS could not find object (constraint file  C:/Users/Admin/Documents/Chaos_Based_Symmetric_Image_Encryption/vivado/Arty-Z7-20-Master.xdc, line 188).
WARNING: set_property ALLOW_COMBINATORIAL_LOOPS could not find object (constraint file  C:/Users/Admin/Documents/Chaos_Based_Symmetric_Image_Encryption/vivado/Arty-Z7-20-Master.xdc, line 188).
WARNING: set_property ALLOW_COMBINATORIAL_LOOPS could not find object (constraint file  C:/Users/Admin/Documents/Chaos_Based_Symmetric_Image_Encryption/vivado/Arty-Z7-20-Master.xdc, line 188).
WARNING: set_property ALLOW_COMBINATORIAL_LOOPS could not find object (constraint file  C:/Users/Admin/Documents/Chaos_Based_Symmetric_Image_Encryption/vivado/Arty-Z7-20-Master.xdc, line 188).
WARNING: set_property ALLOW_COMBINATORIAL_LOOPS could not find object (constraint file  C:/Users/Admin/Documents/Chaos_Based_Symmetric_Image_Encryption/vivado/Arty-Z7-20-Master.xdc, line 188).
WARNING: set_property ALLOW_COMBINATORIAL_LOOPS could not find object (constraint file  C:/Users/Admin/Documents/Chaos_Based_Symmetric_Image_Encryption/vivado/Arty-Z7-20-Master.xdc, line 188).
WARNING: set_property ALLOW_COMBINATORIAL_LOOPS could not find object (constraint file  C:/Users/Admin/Documents/Chaos_Based_Symmetric_Image_Encryption/vivado/Arty-Z7-20-Master.xdc, line 188).
WARNING: set_property ALLOW_COMBINATORIAL_LOOPS could not find object (constraint file  C:/Users/Admin/Documents/Chaos_Based_Symmetric_Image_Encryption/vivado/Arty-Z7-20-Master.xdc, line 188).
WARNING: set_property ALLOW_COMBINATORIAL_LOOPS could not find object (constraint file  C:/Users/Admin/Documents/Chaos_Based_Symmetric_Image_Encryption/vivado/Arty-Z7-20-Master.xdc, line 188).
WARNING: set_property ALLOW_COMBINATORIAL_LOOPS could not find object (constraint file  C:/Users/Admin/Documents/Chaos_Based_Symmetric_Image_Encryption/vivado/Arty-Z7-20-Master.xdc, line 188).
WARNING: set_property ALLOW_COMBINATORIAL_LOOPS could not find object (constraint file  C:/Users/Admin/Documents/Chaos_Based_Symmetric_Image_Encryption/vivado/Arty-Z7-20-Master.xdc, line 188).
WARNING: set_property ALLOW_COMBINATORIAL_LOOPS could not find object (constraint file  C:/Users/Admin/Documents/Chaos_Based_Symmetric_Image_Encryption/vivado/Arty-Z7-20-Master.xdc, line 188).
Applied set_property DONT_TOUCH = true for TRNG_BOCK_i. (constraint file  auto generated constraint, line ).
Applied set_property DONT_TOUCH = true for TRNG_BOCK_i/S_TRNG_0. (constraint file  auto generated constraint, line ).
Applied set_property DONT_TOUCH = true for TRNG_BOCK_i/processing_system7_0. (constraint file  auto generated constraint, line ).
Applied set_property DONT_TOUCH = true for TRNG_BOCK_i/ps7_0_axi_periph. (constraint file  auto generated constraint, line ).
Applied set_property DONT_TOUCH = true for TRNG_BOCK_i/rst_ps7_0_100M. (constraint file  auto generated constraint, line ).
Applied set_property DONT_TOUCH = true for TRNG_BOCK_i/TRNG_IP_0. (constraint file  auto generated constraint, line ).
Applied set_property DONT_TOUCH = true for TRNG_BOCK_i/ps7_0_axi_periph/s00_couplers/auto_pc. (constraint file  auto generated constraint, line ).
Applied set_property DONT_TOUCH = true for TRNG_BOCK_i/processing_system7_0/inst. (constraint file  C:/Users/Admin/Documents/vivado/exercise/TRNG/TRNG.runs/synth_1/dont_touch.xdc, line 28).
Applied set_property DONT_TOUCH = true for TRNG_BOCK_i/rst_ps7_0_100M/U0. (constraint file  C:/Users/Admin/Documents/vivado/exercise/TRNG/TRNG.runs/synth_1/dont_touch.xdc, line 31).
---------------------------------------------------------------------------------
Finished applying 'set_property' XDC Constraints : Time (s): cpu = 00:01:27 ; elapsed = 00:01:53 . Memory (MB): peak = 823.699 ; gain = 549.652
---------------------------------------------------------------------------------
INFO: [Synth 8-5546] ROM "shift_reg" won't be mapped to RAM because it is too sparse
INFO: [Synth 8-5545] ROM "bit_count" won't be mapped to RAM because address size (32) is larger than maximum supported(25)
.p 8
.s 4
.r SM_IDLE
	 SM_IDLE SM_CMD_EN 
	 SM_IDLE SM_IDLE 
	 SM_CMD_EN SM_CMD_ACCEPTED 
	 SM_CMD_EN SM_DONE 
	 SM_CMD_EN SM_CMD_EN 
	 SM_CMD_ACCEPTED SM_CMD_EN 
	 SM_CMD_ACCEPTED SM_CMD_ACCEPTED 
	 SM_DONE SM_IDLE 
.e
INFO: [Synth 8-802] inferred FSM for state register 'state_reg' in module 'axi_protocol_converter_v2_1_17_b2s_rd_cmd_fsm'
INFO: [Synth 8-5544] ROM "next_state" won't be mapped to Block RAM because address size (1) smaller than threshold (5)
INFO: [Synth 8-5544] ROM "next_state" won't be mapped to Block RAM because address size (1) smaller than threshold (5)
INFO: [Synth 8-4471] merging register 'seq_cnt_en_reg' into 'from_sys_reg' [c:/Users/Admin/Documents/vivado/exercise/TRNG/TRNG.srcs/sources_1/bd/TRNG_BOCK/ipshared/f86a/hdl/proc_sys_reset_v5_0_vh_rfs.vhd:377]
WARNING: [Synth 8-6014] Unused sequential element seq_cnt_en_reg was removed.  [c:/Users/Admin/Documents/vivado/exercise/TRNG/TRNG.srcs/sources_1/bd/TRNG_BOCK/ipshared/f86a/hdl/proc_sys_reset_v5_0_vh_rfs.vhd:377]
INFO: [Synth 8-6159] Found Keep on FSM register 'state_reg' in module 'axi_protocol_converter_v2_1_17_b2s_rd_cmd_fsm', re-encoding will not be performed
---------------------------------------------------------------------------------
Finished RTL Optimization Phase 2 : Time (s): cpu = 00:01:28 ; elapsed = 00:01:55 . Memory (MB): peak = 823.699 ; gain = 549.652
---------------------------------------------------------------------------------

Report RTL Partitions: 
+-+--------------+------------+----------+
| |RTL Partition |Replication |Instances |
+-+--------------+------------+----------+
+-+--------------+------------+----------+
---------------------------------------------------------------------------------
Start RTL Component Statistics 
---------------------------------------------------------------------------------
Detailed RTL Component Info : 
+---Adders : 
	   2 Input     12 Bit       Adders := 8     
	   2 Input      9 Bit       Adders := 2     
	   2 Input      8 Bit       Adders := 1     
	   2 Input      6 Bit       Adders := 1     
	   2 Input      5 Bit       Adders := 6     
	   2 Input      4 Bit       Adders := 4     
	   2 Input      2 Bit       Adders := 3     
+---XORs : 
	   4 Input      1 Bit         XORs := 1     
+---Registers : 
	               66 Bit    Registers := 4     
	               47 Bit    Registers := 2     
	               32 Bit    Registers := 5     
	               14 Bit    Registers := 2     
	               12 Bit    Registers := 9     
	                9 Bit    Registers := 2     
	                8 Bit    Registers := 2     
	                6 Bit    Registers := 1     
	                5 Bit    Registers := 5     
	                4 Bit    Registers := 8     
	                3 Bit    Registers := 3     
	                2 Bit    Registers := 10    
	                1 Bit    Registers := 46    
+---Muxes : 
	   2 Input     66 Bit        Muxes := 4     
	   2 Input     47 Bit        Muxes := 2     
	   2 Input     32 Bit        Muxes := 10    
	   4 Input     32 Bit        Muxes := 3     
	   2 Input     14 Bit        Muxes := 2     
	   2 Input     12 Bit        Muxes := 6     
	   2 Input      9 Bit        Muxes := 4     
	   2 Input      6 Bit        Muxes := 1     
	   2 Input      5 Bit        Muxes := 7     
	   2 Input      4 Bit        Muxes := 18    
	   2 Input      2 Bit        Muxes := 12    
	   4 Input      2 Bit        Muxes := 3     
	   5 Input      2 Bit        Muxes := 1     
	   2 Input      1 Bit        Muxes := 33    
	   3 Input      1 Bit        Muxes := 1     
---------------------------------------------------------------------------------
Finished RTL Component Statistics 
---------------------------------------------------------------------------------
---------------------------------------------------------------------------------
Start RTL Hierarchical Component Statistics 
---------------------------------------------------------------------------------
Hierarchical RTL Component report 
Module S_TRNG 
Detailed RTL Component Info : 
+---XORs : 
	   4 Input      1 Bit         XORs := 1     
+---Registers : 
	                1 Bit    Registers := 4     
Module TRNG_IP_v1_0_S00_AXI 
Detailed RTL Component Info : 
+---Adders : 
	   2 Input      5 Bit       Adders := 1     
+---Registers : 
	               32 Bit    Registers := 5     
	                5 Bit    Registers := 1     
	                4 Bit    Registers := 2     
	                2 Bit    Registers := 2     
	                1 Bit    Registers := 6     
+---Muxes : 
	   2 Input     32 Bit        Muxes := 2     
	   4 Input     32 Bit        Muxes := 3     
	   2 Input      5 Bit        Muxes := 1     
	   2 Input      1 Bit        Muxes := 6     
	   3 Input      1 Bit        Muxes := 1     
Module axi_protocol_converter_v2_1_17_b2s_incr_cmd 
Detailed RTL Component Info : 
+---Adders : 
	   2 Input     12 Bit       Adders := 3     
	   2 Input      9 Bit       Adders := 1     
+---Registers : 
	               12 Bit    Registers := 1     
	                9 Bit    Registers := 1     
	                1 Bit    Registers := 2     
+---Muxes : 
	   2 Input     32 Bit        Muxes := 1     
	   2 Input     12 Bit        Muxes := 1     
	   2 Input      9 Bit        Muxes := 2     
	   2 Input      4 Bit        Muxes := 1     
	   2 Input      1 Bit        Muxes := 4     
Module axi_protocol_converter_v2_1_17_b2s_wrap_cmd 
Detailed RTL Component Info : 
+---Adders : 
	   2 Input     12 Bit       Adders := 1     
	   2 Input      5 Bit       Adders := 1     
	   2 Input      4 Bit       Adders := 2     
+---Registers : 
	               12 Bit    Registers := 2     
	                5 Bit    Registers := 1     
	                4 Bit    Registers := 3     
	                1 Bit    Registers := 2     
+---Muxes : 
	   2 Input     32 Bit        Muxes := 1     
	   2 Input     12 Bit        Muxes := 2     
	   2 Input      5 Bit        Muxes := 2     
	   2 Input      4 Bit        Muxes := 8     
	   2 Input      1 Bit        Muxes := 4     
Module axi_protocol_converter_v2_1_17_b2s_cmd_translator 
Detailed RTL Component Info : 
+---Registers : 
	                1 Bit    Registers := 3     
+---Muxes : 
	   2 Input     32 Bit        Muxes := 2     
	   2 Input      1 Bit        Muxes := 4     
Module axi_protocol_converter_v2_1_17_b2s_wr_cmd_fsm 
Detailed RTL Component Info : 
+---Registers : 
	                2 Bit    Registers := 1     
+---Muxes : 
	   2 Input      2 Bit        Muxes := 4     
	   4 Input      2 Bit        Muxes := 2     
Module axi_protocol_converter_v2_1_17_b2s_aw_channel 
Detailed RTL Component Info : 
+---Registers : 
	               12 Bit    Registers := 1     
	                8 Bit    Registers := 1     
Module axi_protocol_converter_v2_1_17_b2s_simple_fifo 
Detailed RTL Component Info : 
+---Adders : 
	   2 Input      2 Bit       Adders := 1     
+---Registers : 
	                2 Bit    Registers := 1     
+---Muxes : 
	   2 Input      2 Bit        Muxes := 1     
Module axi_protocol_converter_v2_1_17_b2s_simple_fifo__parameterized0 
Detailed RTL Component Info : 
+---Adders : 
	   2 Input      2 Bit       Adders := 2     
+---Registers : 
	                2 Bit    Registers := 1     
+---Muxes : 
	   2 Input      2 Bit        Muxes := 2     
Module axi_protocol_converter_v2_1_17_b2s_b_channel 
Detailed RTL Component Info : 
+---Adders : 
	   2 Input      8 Bit       Adders := 1     
+---Registers : 
	                8 Bit    Registers := 1     
	                2 Bit    Registers := 1     
	                1 Bit    Registers := 3     
Module axi_protocol_converter_v2_1_17_b2s_rd_cmd_fsm 
Detailed RTL Component Info : 
+---Muxes : 
	   4 Input      2 Bit        Muxes := 1     
	   2 Input      2 Bit        Muxes := 4     
	   5 Input      2 Bit        Muxes := 1     
	   2 Input      1 Bit        Muxes := 2     
Module axi_protocol_converter_v2_1_17_b2s_ar_channel 
Detailed RTL Component Info : 
+---Registers : 
	               12 Bit    Registers := 1     
Module axi_protocol_converter_v2_1_17_b2s_simple_fifo__parameterized1 
Detailed RTL Component Info : 
+---Adders : 
	   2 Input      5 Bit       Adders := 2     
+---Registers : 
	                5 Bit    Registers := 1     
+---Muxes : 
	   2 Input      5 Bit        Muxes := 2     
Module axi_protocol_converter_v2_1_17_b2s_simple_fifo__parameterized2 
Detailed RTL Component Info : 
+---Adders : 
	   2 Input      5 Bit       Adders := 1     
+---Registers : 
	                5 Bit    Registers := 1     
+---Muxes : 
	   2 Input      2 Bit        Muxes := 1     
Module axi_protocol_converter_v2_1_17_b2s_r_channel 
Detailed RTL Component Info : 
+---Registers : 
	               12 Bit    Registers := 1     
	                1 Bit    Registers := 2     
Module axi_register_slice_v2_1_17_axic_register_slice 
Detailed RTL Component Info : 
+---Registers : 
	               66 Bit    Registers := 2     
	                2 Bit    Registers := 1     
	                1 Bit    Registers := 2     
+---Muxes : 
	   2 Input     66 Bit        Muxes := 2     
Module axi_register_slice_v2_1_17_axic_register_slice__parameterized1 
Detailed RTL Component Info : 
+---Registers : 
	               14 Bit    Registers := 2     
	                2 Bit    Registers := 1     
	                1 Bit    Registers := 2     
+---Muxes : 
	   2 Input     14 Bit        Muxes := 2     
Module axi_register_slice_v2_1_17_axic_register_slice__parameterized2 
Detailed RTL Component Info : 
+---Registers : 
	               47 Bit    Registers := 2     
	                2 Bit    Registers := 1     
	                1 Bit    Registers := 2     
+---Muxes : 
	   2 Input     47 Bit        Muxes := 2     
Module axi_protocol_converter_v2_1_17_b2s 
Detailed RTL Component Info : 
+---Registers : 
	                1 Bit    Registers := 1     
Module lpf 
Detailed RTL Component Info : 
+---Registers : 
	                1 Bit    Registers := 3     
Module upcnt_n 
Detailed RTL Component Info : 
+---Adders : 
	   2 Input      6 Bit       Adders := 1     
+---Registers : 
	                6 Bit    Registers := 1     
+---Muxes : 
	   2 Input      6 Bit        Muxes := 1     
	   2 Input      1 Bit        Muxes := 1     
Module sequence_psr 
Detailed RTL Component Info : 
+---Registers : 
	                3 Bit    Registers := 3     
	                1 Bit    Registers := 5     
---------------------------------------------------------------------------------
Finished RTL Hierarchical Component Statistics
---------------------------------------------------------------------------------
---------------------------------------------------------------------------------
Start Part Resource Summary
---------------------------------------------------------------------------------
Part Resources:
DSPs: 220 (col length:60)
BRAMs: 280 (col length: RAMB18 60 RAMB36 30)
---------------------------------------------------------------------------------
Finished Part Resource Summary
---------------------------------------------------------------------------------
---------------------------------------------------------------------------------
Start Cross Boundary and Area Optimization
---------------------------------------------------------------------------------
Warning: Parallel synthesis criteria is not met 
INFO: [Synth 8-3936] Found unconnected internal register 'inst/gen_axilite.gen_b2s_conv.axilite_b2s/SI_REG/aw.aw_pipe/m_payload_i_reg' and it is trimmed from '66' to '62' bits. [c:/Users/Admin/Documents/vivado/exercise/TRNG/TRNG.srcs/sources_1/bd/TRNG_BOCK/ipshared/6020/hdl/axi_register_slice_v2_1_vl_rfs.v:422]
INFO: [Synth 8-3936] Found unconnected internal register 'inst/gen_axilite.gen_b2s_conv.axilite_b2s/SI_REG/ar.ar_pipe/m_payload_i_reg' and it is trimmed from '66' to '62' bits. [c:/Users/Admin/Documents/vivado/exercise/TRNG/TRNG.srcs/sources_1/bd/TRNG_BOCK/ipshared/6020/hdl/axi_register_slice_v2_1_vl_rfs.v:422]
INFO: [Synth 8-3886] merging instance 'TRNG_BOCK_i/TRNG_IP_0/inst/TRNG_IP_v1_0_S00_AXI_inst/axi_rresp_reg[0]' (FDRE) to 'TRNG_BOCK_i/TRNG_IP_0/inst/TRNG_IP_v1_0_S00_AXI_inst/axi_rresp_reg[1]'
INFO: [Synth 8-3333] propagating constant 0 across sequential element (TRNG_BOCK_i/TRNG_IP_0/\inst/TRNG_IP_v1_0_S00_AXI_inst/axi_rresp_reg[1] )
INFO: [Synth 8-3886] merging instance 'TRNG_BOCK_i/TRNG_IP_0/inst/TRNG_IP_v1_0_S00_AXI_inst/axi_bresp_reg[0]' (FDRE) to 'TRNG_BOCK_i/TRNG_IP_0/inst/TRNG_IP_v1_0_S00_AXI_inst/axi_bresp_reg[1]'
INFO: [Synth 8-3333] propagating constant 0 across sequential element (TRNG_BOCK_i/TRNG_IP_0/\inst/TRNG_IP_v1_0_S00_AXI_inst/axi_bresp_reg[1] )
INFO: [Synth 8-3332] Sequential element (inst/TRNG_IP_v1_0_S00_AXI_inst/slv_reg1_reg[31]) is unused and will be removed from module TRNG_BOCK_TRNG_IP_0_1.
CRITICAL WARNING: [Synth 8-3352] multi-driven net Q with 1st driver pin 'TRNG_BOCK_i/TRNG_IP_0/inst/TRNG_IP_v1_0_S00_AXI_inst/slv_reg1_reg[31]/Q' [c:/Users/Admin/Documents/vivado/exercise/TRNG/TRNG.srcs/sources_1/bd/TRNG_BOCK/ipshared/26bf/hdl/TRNG_IP_v1_0_S00_AXI.v:412]
CRITICAL WARNING: [Synth 8-3352] multi-driven net Q with 2nd driver pin 'GND' [c:/Users/Admin/Documents/vivado/exercise/TRNG/TRNG.srcs/sources_1/bd/TRNG_BOCK/ipshared/26bf/hdl/TRNG_IP_v1_0_S00_AXI.v:412]
CRITICAL WARNING: [Synth 8-5559] multi-driven net Q is connected to constant driver, other driver is ignored [c:/Users/Admin/Documents/vivado/exercise/TRNG/TRNG.srcs/sources_1/bd/TRNG_BOCK/ipshared/26bf/hdl/TRNG_IP_v1_0_S00_AXI.v:412]
INFO: [Synth 8-3332] Sequential element (inst/TRNG_IP_v1_0_S00_AXI_inst/slv_reg1_reg[30]) is unused and will be removed from module TRNG_BOCK_TRNG_IP_0_1.
CRITICAL WARNING: [Synth 8-3352] multi-driven net Q with 1st driver pin 'TRNG_BOCK_i/TRNG_IP_0/inst/TRNG_IP_v1_0_S00_AXI_inst/slv_reg1_reg[30]/Q' [c:/Users/Admin/Documents/vivado/exercise/TRNG/TRNG.srcs/sources_1/bd/TRNG_BOCK/ipshared/26bf/hdl/TRNG_IP_v1_0_S00_AXI.v:412]
CRITICAL WARNING: [Synth 8-3352] multi-driven net Q with 2nd driver pin 'GND' [c:/Users/Admin/Documents/vivado/exercise/TRNG/TRNG.srcs/sources_1/bd/TRNG_BOCK/ipshared/26bf/hdl/TRNG_IP_v1_0_S00_AXI.v:412]
CRITICAL WARNING: [Synth 8-5559] multi-driven net Q is connected to constant driver, other driver is ignored [c:/Users/Admin/Documents/vivado/exercise/TRNG/TRNG.srcs/sources_1/bd/TRNG_BOCK/ipshared/26bf/hdl/TRNG_IP_v1_0_S00_AXI.v:412]
INFO: [Synth 8-3332] Sequential element (inst/TRNG_IP_v1_0_S00_AXI_inst/slv_reg1_reg[29]) is unused and will be removed from module TRNG_BOCK_TRNG_IP_0_1.
CRITICAL WARNING: [Synth 8-3352] multi-driven net Q with 1st driver pin 'TRNG_BOCK_i/TRNG_IP_0/inst/TRNG_IP_v1_0_S00_AXI_inst/slv_reg1_reg[29]/Q' [c:/Users/Admin/Documents/vivado/exercise/TRNG/TRNG.srcs/sources_1/bd/TRNG_BOCK/ipshared/26bf/hdl/TRNG_IP_v1_0_S00_AXI.v:412]
CRITICAL WARNING: [Synth 8-3352] multi-driven net Q with 2nd driver pin 'GND' [c:/Users/Admin/Documents/vivado/exercise/TRNG/TRNG.srcs/sources_1/bd/TRNG_BOCK/ipshared/26bf/hdl/TRNG_IP_v1_0_S00_AXI.v:412]
CRITICAL WARNING: [Synth 8-5559] multi-driven net Q is connected to constant driver, other driver is ignored [c:/Users/Admin/Documents/vivado/exercise/TRNG/TRNG.srcs/sources_1/bd/TRNG_BOCK/ipshared/26bf/hdl/TRNG_IP_v1_0_S00_AXI.v:412]
INFO: [Synth 8-3332] Sequential element (inst/TRNG_IP_v1_0_S00_AXI_inst/slv_reg1_reg[28]) is unused and will be removed from module TRNG_BOCK_TRNG_IP_0_1.
CRITICAL WARNING: [Synth 8-3352] multi-driven net Q with 1st driver pin 'TRNG_BOCK_i/TRNG_IP_0/inst/TRNG_IP_v1_0_S00_AXI_inst/slv_reg1_reg[28]/Q' [c:/Users/Admin/Documents/vivado/exercise/TRNG/TRNG.srcs/sources_1/bd/TRNG_BOCK/ipshared/26bf/hdl/TRNG_IP_v1_0_S00_AXI.v:412]
CRITICAL WARNING: [Synth 8-3352] multi-driven net Q with 2nd driver pin 'GND' [c:/Users/Admin/Documents/vivado/exercise/TRNG/TRNG.srcs/sources_1/bd/TRNG_BOCK/ipshared/26bf/hdl/TRNG_IP_v1_0_S00_AXI.v:412]
CRITICAL WARNING: [Synth 8-5559] multi-driven net Q is connected to constant driver, other driver is ignored [c:/Users/Admin/Documents/vivado/exercise/TRNG/TRNG.srcs/sources_1/bd/TRNG_BOCK/ipshared/26bf/hdl/TRNG_IP_v1_0_S00_AXI.v:412]
INFO: [Synth 8-3332] Sequential element (inst/TRNG_IP_v1_0_S00_AXI_inst/slv_reg1_reg[27]) is unused and will be removed from module TRNG_BOCK_TRNG_IP_0_1.
CRITICAL WARNING: [Synth 8-3352] multi-driven net Q with 1st driver pin 'TRNG_BOCK_i/TRNG_IP_0/inst/TRNG_IP_v1_0_S00_AXI_inst/slv_reg1_reg[27]/Q' [c:/Users/Admin/Documents/vivado/exercise/TRNG/TRNG.srcs/sources_1/bd/TRNG_BOCK/ipshared/26bf/hdl/TRNG_IP_v1_0_S00_AXI.v:412]
CRITICAL WARNING: [Synth 8-3352] multi-driven net Q with 2nd driver pin 'GND' [c:/Users/Admin/Documents/vivado/exercise/TRNG/TRNG.srcs/sources_1/bd/TRNG_BOCK/ipshared/26bf/hdl/TRNG_IP_v1_0_S00_AXI.v:412]
CRITICAL WARNING: [Synth 8-5559] multi-driven net Q is connected to constant driver, other driver is ignored [c:/Users/Admin/Documents/vivado/exercise/TRNG/TRNG.srcs/sources_1/bd/TRNG_BOCK/ipshared/26bf/hdl/TRNG_IP_v1_0_S00_AXI.v:412]
INFO: [Synth 8-3332] Sequential element (inst/TRNG_IP_v1_0_S00_AXI_inst/slv_reg1_reg[26]) is unused and will be removed from module TRNG_BOCK_TRNG_IP_0_1.
CRITICAL WARNING: [Synth 8-3352] multi-driven net Q with 1st driver pin 'TRNG_BOCK_i/TRNG_IP_0/inst/TRNG_IP_v1_0_S00_AXI_inst/slv_reg1_reg[26]/Q' [c:/Users/Admin/Documents/vivado/exercise/TRNG/TRNG.srcs/sources_1/bd/TRNG_BOCK/ipshared/26bf/hdl/TRNG_IP_v1_0_S00_AXI.v:412]
CRITICAL WARNING: [Synth 8-3352] multi-driven net Q with 2nd driver pin 'GND' [c:/Users/Admin/Documents/vivado/exercise/TRNG/TRNG.srcs/sources_1/bd/TRNG_BOCK/ipshared/26bf/hdl/TRNG_IP_v1_0_S00_AXI.v:412]
CRITICAL WARNING: [Synth 8-5559] multi-driven net Q is connected to constant driver, other driver is ignored [c:/Users/Admin/Documents/vivado/exercise/TRNG/TRNG.srcs/sources_1/bd/TRNG_BOCK/ipshared/26bf/hdl/TRNG_IP_v1_0_S00_AXI.v:412]
INFO: [Synth 8-3332] Sequential element (inst/TRNG_IP_v1_0_S00_AXI_inst/slv_reg1_reg[25]) is unused and will be removed from module TRNG_BOCK_TRNG_IP_0_1.
CRITICAL WARNING: [Synth 8-3352] multi-driven net Q with 1st driver pin 'TRNG_BOCK_i/TRNG_IP_0/inst/TRNG_IP_v1_0_S00_AXI_inst/slv_reg1_reg[25]/Q' [c:/Users/Admin/Documents/vivado/exercise/TRNG/TRNG.srcs/sources_1/bd/TRNG_BOCK/ipshared/26bf/hdl/TRNG_IP_v1_0_S00_AXI.v:412]
CRITICAL WARNING: [Synth 8-3352] multi-driven net Q with 2nd driver pin 'GND' [c:/Users/Admin/Documents/vivado/exercise/TRNG/TRNG.srcs/sources_1/bd/TRNG_BOCK/ipshared/26bf/hdl/TRNG_IP_v1_0_S00_AXI.v:412]
CRITICAL WARNING: [Synth 8-5559] multi-driven net Q is connected to constant driver, other driver is ignored [c:/Users/Admin/Documents/vivado/exercise/TRNG/TRNG.srcs/sources_1/bd/TRNG_BOCK/ipshared/26bf/hdl/TRNG_IP_v1_0_S00_AXI.v:412]
INFO: [Synth 8-3332] Sequential element (inst/TRNG_IP_v1_0_S00_AXI_inst/slv_reg1_reg[24]) is unused and will be removed from module TRNG_BOCK_TRNG_IP_0_1.
CRITICAL WARNING: [Synth 8-3352] multi-driven net Q with 1st driver pin 'TRNG_BOCK_i/TRNG_IP_0/inst/TRNG_IP_v1_0_S00_AXI_inst/slv_reg1_reg[24]/Q' [c:/Users/Admin/Documents/vivado/exercise/TRNG/TRNG.srcs/sources_1/bd/TRNG_BOCK/ipshared/26bf/hdl/TRNG_IP_v1_0_S00_AXI.v:412]
CRITICAL WARNING: [Synth 8-3352] multi-driven net Q with 2nd driver pin 'GND' [c:/Users/Admin/Documents/vivado/exercise/TRNG/TRNG.srcs/sources_1/bd/TRNG_BOCK/ipshared/26bf/hdl/TRNG_IP_v1_0_S00_AXI.v:412]
CRITICAL WARNING: [Synth 8-5559] multi-driven net Q is connected to constant driver, other driver is ignored [c:/Users/Admin/Documents/vivado/exercise/TRNG/TRNG.srcs/sources_1/bd/TRNG_BOCK/ipshared/26bf/hdl/TRNG_IP_v1_0_S00_AXI.v:412]
INFO: [Synth 8-3332] Sequential element (inst/TRNG_IP_v1_0_S00_AXI_inst/slv_reg1_reg[23]) is unused and will be removed from module TRNG_BOCK_TRNG_IP_0_1.
CRITICAL WARNING: [Synth 8-3352] multi-driven net Q with 1st driver pin 'TRNG_BOCK_i/TRNG_IP_0/inst/TRNG_IP_v1_0_S00_AXI_inst/slv_reg1_reg[23]/Q' [c:/Users/Admin/Documents/vivado/exercise/TRNG/TRNG.srcs/sources_1/bd/TRNG_BOCK/ipshared/26bf/hdl/TRNG_IP_v1_0_S00_AXI.v:412]
CRITICAL WARNING: [Synth 8-3352] multi-driven net Q with 2nd driver pin 'GND' [c:/Users/Admin/Documents/vivado/exercise/TRNG/TRNG.srcs/sources_1/bd/TRNG_BOCK/ipshared/26bf/hdl/TRNG_IP_v1_0_S00_AXI.v:412]
CRITICAL WARNING: [Synth 8-5559] multi-driven net Q is connected to constant driver, other driver is ignored [c:/Users/Admin/Documents/vivado/exercise/TRNG/TRNG.srcs/sources_1/bd/TRNG_BOCK/ipshared/26bf/hdl/TRNG_IP_v1_0_S00_AXI.v:412]
INFO: [Synth 8-3332] Sequential element (inst/TRNG_IP_v1_0_S00_AXI_inst/slv_reg1_reg[22]) is unused and will be removed from module TRNG_BOCK_TRNG_IP_0_1.
CRITICAL WARNING: [Synth 8-3352] multi-driven net Q with 1st driver pin 'TRNG_BOCK_i/TRNG_IP_0/inst/TRNG_IP_v1_0_S00_AXI_inst/slv_reg1_reg[22]/Q' [c:/Users/Admin/Documents/vivado/exercise/TRNG/TRNG.srcs/sources_1/bd/TRNG_BOCK/ipshared/26bf/hdl/TRNG_IP_v1_0_S00_AXI.v:412]
CRITICAL WARNING: [Synth 8-3352] multi-driven net Q with 2nd driver pin 'GND' [c:/Users/Admin/Documents/vivado/exercise/TRNG/TRNG.srcs/sources_1/bd/TRNG_BOCK/ipshared/26bf/hdl/TRNG_IP_v1_0_S00_AXI.v:412]
CRITICAL WARNING: [Synth 8-5559] multi-driven net Q is connected to constant driver, other driver is ignored [c:/Users/Admin/Documents/vivado/exercise/TRNG/TRNG.srcs/sources_1/bd/TRNG_BOCK/ipshared/26bf/hdl/TRNG_IP_v1_0_S00_AXI.v:412]
INFO: [Synth 8-3332] Sequential element (inst/TRNG_IP_v1_0_S00_AXI_inst/slv_reg1_reg[21]) is unused and will be removed from module TRNG_BOCK_TRNG_IP_0_1.
CRITICAL WARNING: [Synth 8-3352] multi-driven net Q with 1st driver pin 'TRNG_BOCK_i/TRNG_IP_0/inst/TRNG_IP_v1_0_S00_AXI_inst/slv_reg1_reg[21]/Q' [c:/Users/Admin/Documents/vivado/exercise/TRNG/TRNG.srcs/sources_1/bd/TRNG_BOCK/ipshared/26bf/hdl/TRNG_IP_v1_0_S00_AXI.v:412]
CRITICAL WARNING: [Synth 8-3352] multi-driven net Q with 2nd driver pin 'GND' [c:/Users/Admin/Documents/vivado/exercise/TRNG/TRNG.srcs/sources_1/bd/TRNG_BOCK/ipshared/26bf/hdl/TRNG_IP_v1_0_S00_AXI.v:412]
CRITICAL WARNING: [Synth 8-5559] multi-driven net Q is connected to constant driver, other driver is ignored [c:/Users/Admin/Documents/vivado/exercise/TRNG/TRNG.srcs/sources_1/bd/TRNG_BOCK/ipshared/26bf/hdl/TRNG_IP_v1_0_S00_AXI.v:412]
INFO: [Synth 8-3332] Sequential element (inst/TRNG_IP_v1_0_S00_AXI_inst/slv_reg1_reg[20]) is unused and will be removed from module TRNG_BOCK_TRNG_IP_0_1.
CRITICAL WARNING: [Synth 8-3352] multi-driven net Q with 1st driver pin 'TRNG_BOCK_i/TRNG_IP_0/inst/TRNG_IP_v1_0_S00_AXI_inst/slv_reg1_reg[20]/Q' [c:/Users/Admin/Documents/vivado/exercise/TRNG/TRNG.srcs/sources_1/bd/TRNG_BOCK/ipshared/26bf/hdl/TRNG_IP_v1_0_S00_AXI.v:412]
CRITICAL WARNING: [Synth 8-3352] multi-driven net Q with 2nd driver pin 'GND' [c:/Users/Admin/Documents/vivado/exercise/TRNG/TRNG.srcs/sources_1/bd/TRNG_BOCK/ipshared/26bf/hdl/TRNG_IP_v1_0_S00_AXI.v:412]
CRITICAL WARNING: [Synth 8-5559] multi-driven net Q is connected to constant driver, other driver is ignored [c:/Users/Admin/Documents/vivado/exercise/TRNG/TRNG.srcs/sources_1/bd/TRNG_BOCK/ipshared/26bf/hdl/TRNG_IP_v1_0_S00_AXI.v:412]
INFO: [Synth 8-3332] Sequential element (inst/TRNG_IP_v1_0_S00_AXI_inst/slv_reg1_reg[19]) is unused and will be removed from module TRNG_BOCK_TRNG_IP_0_1.
CRITICAL WARNING: [Synth 8-3352] multi-driven net Q with 1st driver pin 'TRNG_BOCK_i/TRNG_IP_0/inst/TRNG_IP_v1_0_S00_AXI_inst/slv_reg1_reg[19]/Q' [c:/Users/Admin/Documents/vivado/exercise/TRNG/TRNG.srcs/sources_1/bd/TRNG_BOCK/ipshared/26bf/hdl/TRNG_IP_v1_0_S00_AXI.v:412]
CRITICAL WARNING: [Synth 8-3352] multi-driven net Q with 2nd driver pin 'GND' [c:/Users/Admin/Documents/vivado/exercise/TRNG/TRNG.srcs/sources_1/bd/TRNG_BOCK/ipshared/26bf/hdl/TRNG_IP_v1_0_S00_AXI.v:412]
CRITICAL WARNING: [Synth 8-5559] multi-driven net Q is connected to constant driver, other driver is ignored [c:/Users/Admin/Documents/vivado/exercise/TRNG/TRNG.srcs/sources_1/bd/TRNG_BOCK/ipshared/26bf/hdl/TRNG_IP_v1_0_S00_AXI.v:412]
INFO: [Synth 8-3332] Sequential element (inst/TRNG_IP_v1_0_S00_AXI_inst/slv_reg1_reg[18]) is unused and will be removed from module TRNG_BOCK_TRNG_IP_0_1.
CRITICAL WARNING: [Synth 8-3352] multi-driven net Q with 1st driver pin 'TRNG_BOCK_i/TRNG_IP_0/inst/TRNG_IP_v1_0_S00_AXI_inst/slv_reg1_reg[18]/Q' [c:/Users/Admin/Documents/vivado/exercise/TRNG/TRNG.srcs/sources_1/bd/TRNG_BOCK/ipshared/26bf/hdl/TRNG_IP_v1_0_S00_AXI.v:412]
CRITICAL WARNING: [Synth 8-3352] multi-driven net Q with 2nd driver pin 'GND' [c:/Users/Admin/Documents/vivado/exercise/TRNG/TRNG.srcs/sources_1/bd/TRNG_BOCK/ipshared/26bf/hdl/TRNG_IP_v1_0_S00_AXI.v:412]
CRITICAL WARNING: [Synth 8-5559] multi-driven net Q is connected to constant driver, other driver is ignored [c:/Users/Admin/Documents/vivado/exercise/TRNG/TRNG.srcs/sources_1/bd/TRNG_BOCK/ipshared/26bf/hdl/TRNG_IP_v1_0_S00_AXI.v:412]
INFO: [Synth 8-3332] Sequential element (inst/TRNG_IP_v1_0_S00_AXI_inst/slv_reg1_reg[17]) is unused and will be removed from module TRNG_BOCK_TRNG_IP_0_1.
CRITICAL WARNING: [Synth 8-3352] multi-driven net Q with 1st driver pin 'TRNG_BOCK_i/TRNG_IP_0/inst/TRNG_IP_v1_0_S00_AXI_inst/slv_reg1_reg[17]/Q' [c:/Users/Admin/Documents/vivado/exercise/TRNG/TRNG.srcs/sources_1/bd/TRNG_BOCK/ipshared/26bf/hdl/TRNG_IP_v1_0_S00_AXI.v:412]
CRITICAL WARNING: [Synth 8-3352] multi-driven net Q with 2nd driver pin 'GND' [c:/Users/Admin/Documents/vivado/exercise/TRNG/TRNG.srcs/sources_1/bd/TRNG_BOCK/ipshared/26bf/hdl/TRNG_IP_v1_0_S00_AXI.v:412]
CRITICAL WARNING: [Synth 8-5559] multi-driven net Q is connected to constant driver, other driver is ignored [c:/Users/Admin/Documents/vivado/exercise/TRNG/TRNG.srcs/sources_1/bd/TRNG_BOCK/ipshared/26bf/hdl/TRNG_IP_v1_0_S00_AXI.v:412]
INFO: [Synth 8-3332] Sequential element (inst/TRNG_IP_v1_0_S00_AXI_inst/slv_reg1_reg[16]) is unused and will be removed from module TRNG_BOCK_TRNG_IP_0_1.
CRITICAL WARNING: [Synth 8-3352] multi-driven net Q with 1st driver pin 'TRNG_BOCK_i/TRNG_IP_0/inst/TRNG_IP_v1_0_S00_AXI_inst/slv_reg1_reg[16]/Q' [c:/Users/Admin/Documents/vivado/exercise/TRNG/TRNG.srcs/sources_1/bd/TRNG_BOCK/ipshared/26bf/hdl/TRNG_IP_v1_0_S00_AXI.v:412]
CRITICAL WARNING: [Synth 8-3352] multi-driven net Q with 2nd driver pin 'GND' [c:/Users/Admin/Documents/vivado/exercise/TRNG/TRNG.srcs/sources_1/bd/TRNG_BOCK/ipshared/26bf/hdl/TRNG_IP_v1_0_S00_AXI.v:412]
CRITICAL WARNING: [Synth 8-5559] multi-driven net Q is connected to constant driver, other driver is ignored [c:/Users/Admin/Documents/vivado/exercise/TRNG/TRNG.srcs/sources_1/bd/TRNG_BOCK/ipshared/26bf/hdl/TRNG_IP_v1_0_S00_AXI.v:412]
INFO: [Synth 8-3332] Sequential element (inst/TRNG_IP_v1_0_S00_AXI_inst/slv_reg1_reg[15]) is unused and will be removed from module TRNG_BOCK_TRNG_IP_0_1.
CRITICAL WARNING: [Synth 8-3352] multi-driven net Q with 1st driver pin 'TRNG_BOCK_i/TRNG_IP_0/inst/TRNG_IP_v1_0_S00_AXI_inst/slv_reg1_reg[15]/Q' [c:/Users/Admin/Documents/vivado/exercise/TRNG/TRNG.srcs/sources_1/bd/TRNG_BOCK/ipshared/26bf/hdl/TRNG_IP_v1_0_S00_AXI.v:412]
CRITICAL WARNING: [Synth 8-3352] multi-driven net Q with 2nd driver pin 'GND' [c:/Users/Admin/Documents/vivado/exercise/TRNG/TRNG.srcs/sources_1/bd/TRNG_BOCK/ipshared/26bf/hdl/TRNG_IP_v1_0_S00_AXI.v:412]
CRITICAL WARNING: [Synth 8-5559] multi-driven net Q is connected to constant driver, other driver is ignored [c:/Users/Admin/Documents/vivado/exercise/TRNG/TRNG.srcs/sources_1/bd/TRNG_BOCK/ipshared/26bf/hdl/TRNG_IP_v1_0_S00_AXI.v:412]
INFO: [Synth 8-3332] Sequential element (inst/TRNG_IP_v1_0_S00_AXI_inst/slv_reg1_reg[14]) is unused and will be removed from module TRNG_BOCK_TRNG_IP_0_1.
CRITICAL WARNING: [Synth 8-3352] multi-driven net Q with 1st driver pin 'TRNG_BOCK_i/TRNG_IP_0/inst/TRNG_IP_v1_0_S00_AXI_inst/slv_reg1_reg[14]/Q' [c:/Users/Admin/Documents/vivado/exercise/TRNG/TRNG.srcs/sources_1/bd/TRNG_BOCK/ipshared/26bf/hdl/TRNG_IP_v1_0_S00_AXI.v:412]
CRITICAL WARNING: [Synth 8-3352] multi-driven net Q with 2nd driver pin 'GND' [c:/Users/Admin/Documents/vivado/exercise/TRNG/TRNG.srcs/sources_1/bd/TRNG_BOCK/ipshared/26bf/hdl/TRNG_IP_v1_0_S00_AXI.v:412]
CRITICAL WARNING: [Synth 8-5559] multi-driven net Q is connected to constant driver, other driver is ignored [c:/Users/Admin/Documents/vivado/exercise/TRNG/TRNG.srcs/sources_1/bd/TRNG_BOCK/ipshared/26bf/hdl/TRNG_IP_v1_0_S00_AXI.v:412]
INFO: [Synth 8-3332] Sequential element (inst/TRNG_IP_v1_0_S00_AXI_inst/slv_reg1_reg[13]) is unused and will be removed from module TRNG_BOCK_TRNG_IP_0_1.
CRITICAL WARNING: [Synth 8-3352] multi-driven net Q with 1st driver pin 'TRNG_BOCK_i/TRNG_IP_0/inst/TRNG_IP_v1_0_S00_AXI_inst/slv_reg1_reg[13]/Q' [c:/Users/Admin/Documents/vivado/exercise/TRNG/TRNG.srcs/sources_1/bd/TRNG_BOCK/ipshared/26bf/hdl/TRNG_IP_v1_0_S00_AXI.v:412]
CRITICAL WARNING: [Synth 8-3352] multi-driven net Q with 2nd driver pin 'GND' [c:/Users/Admin/Documents/vivado/exercise/TRNG/TRNG.srcs/sources_1/bd/TRNG_BOCK/ipshared/26bf/hdl/TRNG_IP_v1_0_S00_AXI.v:412]
CRITICAL WARNING: [Synth 8-5559] multi-driven net Q is connected to constant driver, other driver is ignored [c:/Users/Admin/Documents/vivado/exercise/TRNG/TRNG.srcs/sources_1/bd/TRNG_BOCK/ipshared/26bf/hdl/TRNG_IP_v1_0_S00_AXI.v:412]
INFO: [Synth 8-3332] Sequential element (inst/TRNG_IP_v1_0_S00_AXI_inst/slv_reg1_reg[12]) is unused and will be removed from module TRNG_BOCK_TRNG_IP_0_1.
CRITICAL WARNING: [Synth 8-3352] multi-driven net Q with 1st driver pin 'TRNG_BOCK_i/TRNG_IP_0/inst/TRNG_IP_v1_0_S00_AXI_inst/slv_reg1_reg[12]/Q' [c:/Users/Admin/Documents/vivado/exercise/TRNG/TRNG.srcs/sources_1/bd/TRNG_BOCK/ipshared/26bf/hdl/TRNG_IP_v1_0_S00_AXI.v:412]
CRITICAL WARNING: [Synth 8-3352] multi-driven net Q with 2nd driver pin 'GND' [c:/Users/Admin/Documents/vivado/exercise/TRNG/TRNG.srcs/sources_1/bd/TRNG_BOCK/ipshared/26bf/hdl/TRNG_IP_v1_0_S00_AXI.v:412]
CRITICAL WARNING: [Synth 8-5559] multi-driven net Q is connected to constant driver, other driver is ignored [c:/Users/Admin/Documents/vivado/exercise/TRNG/TRNG.srcs/sources_1/bd/TRNG_BOCK/ipshared/26bf/hdl/TRNG_IP_v1_0_S00_AXI.v:412]
INFO: [Synth 8-3332] Sequential element (inst/TRNG_IP_v1_0_S00_AXI_inst/slv_reg1_reg[11]) is unused and will be removed from module TRNG_BOCK_TRNG_IP_0_1.
CRITICAL WARNING: [Synth 8-3352] multi-driven net Q with 1st driver pin 'TRNG_BOCK_i/TRNG_IP_0/inst/TRNG_IP_v1_0_S00_AXI_inst/slv_reg1_reg[11]/Q' [c:/Users/Admin/Documents/vivado/exercise/TRNG/TRNG.srcs/sources_1/bd/TRNG_BOCK/ipshared/26bf/hdl/TRNG_IP_v1_0_S00_AXI.v:412]
CRITICAL WARNING: [Synth 8-3352] multi-driven net Q with 2nd driver pin 'GND' [c:/Users/Admin/Documents/vivado/exercise/TRNG/TRNG.srcs/sources_1/bd/TRNG_BOCK/ipshared/26bf/hdl/TRNG_IP_v1_0_S00_AXI.v:412]
CRITICAL WARNING: [Synth 8-5559] multi-driven net Q is connected to constant driver, other driver is ignored [c:/Users/Admin/Documents/vivado/exercise/TRNG/TRNG.srcs/sources_1/bd/TRNG_BOCK/ipshared/26bf/hdl/TRNG_IP_v1_0_S00_AXI.v:412]
INFO: [Synth 8-3332] Sequential element (inst/TRNG_IP_v1_0_S00_AXI_inst/slv_reg1_reg[10]) is unused and will be removed from module TRNG_BOCK_TRNG_IP_0_1.
CRITICAL WARNING: [Synth 8-3352] multi-driven net Q with 1st driver pin 'TRNG_BOCK_i/TRNG_IP_0/inst/TRNG_IP_v1_0_S00_AXI_inst/slv_reg1_reg[10]/Q' [c:/Users/Admin/Documents/vivado/exercise/TRNG/TRNG.srcs/sources_1/bd/TRNG_BOCK/ipshared/26bf/hdl/TRNG_IP_v1_0_S00_AXI.v:412]
CRITICAL WARNING: [Synth 8-3352] multi-driven net Q with 2nd driver pin 'GND' [c:/Users/Admin/Documents/vivado/exercise/TRNG/TRNG.srcs/sources_1/bd/TRNG_BOCK/ipshared/26bf/hdl/TRNG_IP_v1_0_S00_AXI.v:412]
CRITICAL WARNING: [Synth 8-5559] multi-driven net Q is connected to constant driver, other driver is ignored [c:/Users/Admin/Documents/vivado/exercise/TRNG/TRNG.srcs/sources_1/bd/TRNG_BOCK/ipshared/26bf/hdl/TRNG_IP_v1_0_S00_AXI.v:412]
INFO: [Synth 8-3332] Sequential element (inst/TRNG_IP_v1_0_S00_AXI_inst/slv_reg1_reg[9]) is unused and will be removed from module TRNG_BOCK_TRNG_IP_0_1.
CRITICAL WARNING: [Synth 8-3352] multi-driven net Q with 1st driver pin 'TRNG_BOCK_i/TRNG_IP_0/inst/TRNG_IP_v1_0_S00_AXI_inst/slv_reg1_reg[9]/Q' [c:/Users/Admin/Documents/vivado/exercise/TRNG/TRNG.srcs/sources_1/bd/TRNG_BOCK/ipshared/26bf/hdl/TRNG_IP_v1_0_S00_AXI.v:412]
CRITICAL WARNING: [Synth 8-3352] multi-driven net Q with 2nd driver pin 'GND' [c:/Users/Admin/Documents/vivado/exercise/TRNG/TRNG.srcs/sources_1/bd/TRNG_BOCK/ipshared/26bf/hdl/TRNG_IP_v1_0_S00_AXI.v:412]
CRITICAL WARNING: [Synth 8-5559] multi-driven net Q is connected to constant driver, other driver is ignored [c:/Users/Admin/Documents/vivado/exercise/TRNG/TRNG.srcs/sources_1/bd/TRNG_BOCK/ipshared/26bf/hdl/TRNG_IP_v1_0_S00_AXI.v:412]
INFO: [Synth 8-3332] Sequential element (inst/TRNG_IP_v1_0_S00_AXI_inst/slv_reg1_reg[8]) is unused and will be removed from module TRNG_BOCK_TRNG_IP_0_1.
CRITICAL WARNING: [Synth 8-3352] multi-driven net Q with 1st driver pin 'TRNG_BOCK_i/TRNG_IP_0/inst/TRNG_IP_v1_0_S00_AXI_inst/slv_reg1_reg[8]/Q' [c:/Users/Admin/Documents/vivado/exercise/TRNG/TRNG.srcs/sources_1/bd/TRNG_BOCK/ipshared/26bf/hdl/TRNG_IP_v1_0_S00_AXI.v:412]
CRITICAL WARNING: [Synth 8-3352] multi-driven net Q with 2nd driver pin 'GND' [c:/Users/Admin/Documents/vivado/exercise/TRNG/TRNG.srcs/sources_1/bd/TRNG_BOCK/ipshared/26bf/hdl/TRNG_IP_v1_0_S00_AXI.v:412]
CRITICAL WARNING: [Synth 8-5559] multi-driven net Q is connected to constant driver, other driver is ignored [c:/Users/Admin/Documents/vivado/exercise/TRNG/TRNG.srcs/sources_1/bd/TRNG_BOCK/ipshared/26bf/hdl/TRNG_IP_v1_0_S00_AXI.v:412]
INFO: [Synth 8-3332] Sequential element (inst/TRNG_IP_v1_0_S00_AXI_inst/slv_reg1_reg[7]) is unused and will be removed from module TRNG_BOCK_TRNG_IP_0_1.
CRITICAL WARNING: [Synth 8-3352] multi-driven net Q with 1st driver pin 'TRNG_BOCK_i/TRNG_IP_0/inst/TRNG_IP_v1_0_S00_AXI_inst/slv_reg1_reg[7]/Q' [c:/Users/Admin/Documents/vivado/exercise/TRNG/TRNG.srcs/sources_1/bd/TRNG_BOCK/ipshared/26bf/hdl/TRNG_IP_v1_0_S00_AXI.v:412]
CRITICAL WARNING: [Synth 8-3352] multi-driven net Q with 2nd driver pin 'GND' [c:/Users/Admin/Documents/vivado/exercise/TRNG/TRNG.srcs/sources_1/bd/TRNG_BOCK/ipshared/26bf/hdl/TRNG_IP_v1_0_S00_AXI.v:412]
CRITICAL WARNING: [Synth 8-5559] multi-driven net Q is connected to constant driver, other driver is ignored [c:/Users/Admin/Documents/vivado/exercise/TRNG/TRNG.srcs/sources_1/bd/TRNG_BOCK/ipshared/26bf/hdl/TRNG_IP_v1_0_S00_AXI.v:412]
INFO: [Synth 8-3332] Sequential element (inst/TRNG_IP_v1_0_S00_AXI_inst/slv_reg1_reg[6]) is unused and will be removed from module TRNG_BOCK_TRNG_IP_0_1.
CRITICAL WARNING: [Synth 8-3352] multi-driven net Q with 1st driver pin 'TRNG_BOCK_i/TRNG_IP_0/inst/TRNG_IP_v1_0_S00_AXI_inst/slv_reg1_reg[6]/Q' [c:/Users/Admin/Documents/vivado/exercise/TRNG/TRNG.srcs/sources_1/bd/TRNG_BOCK/ipshared/26bf/hdl/TRNG_IP_v1_0_S00_AXI.v:412]
CRITICAL WARNING: [Synth 8-3352] multi-driven net Q with 2nd driver pin 'GND' [c:/Users/Admin/Documents/vivado/exercise/TRNG/TRNG.srcs/sources_1/bd/TRNG_BOCK/ipshared/26bf/hdl/TRNG_IP_v1_0_S00_AXI.v:412]
CRITICAL WARNING: [Synth 8-5559] multi-driven net Q is connected to constant driver, other driver is ignored [c:/Users/Admin/Documents/vivado/exercise/TRNG/TRNG.srcs/sources_1/bd/TRNG_BOCK/ipshared/26bf/hdl/TRNG_IP_v1_0_S00_AXI.v:412]
INFO: [Synth 8-3332] Sequential element (inst/TRNG_IP_v1_0_S00_AXI_inst/slv_reg1_reg[5]) is unused and will be removed from module TRNG_BOCK_TRNG_IP_0_1.
CRITICAL WARNING: [Synth 8-3352] multi-driven net Q with 1st driver pin 'TRNG_BOCK_i/TRNG_IP_0/inst/TRNG_IP_v1_0_S00_AXI_inst/slv_reg1_reg[5]/Q' [c:/Users/Admin/Documents/vivado/exercise/TRNG/TRNG.srcs/sources_1/bd/TRNG_BOCK/ipshared/26bf/hdl/TRNG_IP_v1_0_S00_AXI.v:412]
CRITICAL WARNING: [Synth 8-3352] multi-driven net Q with 2nd driver pin 'GND' [c:/Users/Admin/Documents/vivado/exercise/TRNG/TRNG.srcs/sources_1/bd/TRNG_BOCK/ipshared/26bf/hdl/TRNG_IP_v1_0_S00_AXI.v:412]
CRITICAL WARNING: [Synth 8-5559] multi-driven net Q is connected to constant driver, other driver is ignored [c:/Users/Admin/Documents/vivado/exercise/TRNG/TRNG.srcs/sources_1/bd/TRNG_BOCK/ipshared/26bf/hdl/TRNG_IP_v1_0_S00_AXI.v:412]
INFO: [Synth 8-3332] Sequential element (inst/TRNG_IP_v1_0_S00_AXI_inst/slv_reg1_reg[4]) is unused and will be removed from module TRNG_BOCK_TRNG_IP_0_1.
CRITICAL WARNING: [Synth 8-3352] multi-driven net Q with 1st driver pin 'TRNG_BOCK_i/TRNG_IP_0/inst/TRNG_IP_v1_0_S00_AXI_inst/slv_reg1_reg[4]/Q' [c:/Users/Admin/Documents/vivado/exercise/TRNG/TRNG.srcs/sources_1/bd/TRNG_BOCK/ipshared/26bf/hdl/TRNG_IP_v1_0_S00_AXI.v:412]
CRITICAL WARNING: [Synth 8-3352] multi-driven net Q with 2nd driver pin 'GND' [c:/Users/Admin/Documents/vivado/exercise/TRNG/TRNG.srcs/sources_1/bd/TRNG_BOCK/ipshared/26bf/hdl/TRNG_IP_v1_0_S00_AXI.v:412]
CRITICAL WARNING: [Synth 8-5559] multi-driven net Q is connected to constant driver, other driver is ignored [c:/Users/Admin/Documents/vivado/exercise/TRNG/TRNG.srcs/sources_1/bd/TRNG_BOCK/ipshared/26bf/hdl/TRNG_IP_v1_0_S00_AXI.v:412]
INFO: [Synth 8-3332] Sequential element (inst/TRNG_IP_v1_0_S00_AXI_inst/slv_reg1_reg[3]) is unused and will be removed from module TRNG_BOCK_TRNG_IP_0_1.
CRITICAL WARNING: [Synth 8-3352] multi-driven net Q with 1st driver pin 'TRNG_BOCK_i/TRNG_IP_0/inst/TRNG_IP_v1_0_S00_AXI_inst/slv_reg1_reg[3]/Q' [c:/Users/Admin/Documents/vivado/exercise/TRNG/TRNG.srcs/sources_1/bd/TRNG_BOCK/ipshared/26bf/hdl/TRNG_IP_v1_0_S00_AXI.v:412]
CRITICAL WARNING: [Synth 8-3352] multi-driven net Q with 2nd driver pin 'GND' [c:/Users/Admin/Documents/vivado/exercise/TRNG/TRNG.srcs/sources_1/bd/TRNG_BOCK/ipshared/26bf/hdl/TRNG_IP_v1_0_S00_AXI.v:412]
CRITICAL WARNING: [Synth 8-5559] multi-driven net Q is connected to constant driver, other driver is ignored [c:/Users/Admin/Documents/vivado/exercise/TRNG/TRNG.srcs/sources_1/bd/TRNG_BOCK/ipshared/26bf/hdl/TRNG_IP_v1_0_S00_AXI.v:412]
INFO: [Synth 8-3332] Sequential element (inst/TRNG_IP_v1_0_S00_AXI_inst/slv_reg1_reg[2]) is unused and will be removed from module TRNG_BOCK_TRNG_IP_0_1.
CRITICAL WARNING: [Synth 8-3352] multi-driven net Q with 1st driver pin 'TRNG_BOCK_i/TRNG_IP_0/inst/TRNG_IP_v1_0_S00_AXI_inst/slv_reg1_reg[2]/Q' [c:/Users/Admin/Documents/vivado/exercise/TRNG/TRNG.srcs/sources_1/bd/TRNG_BOCK/ipshared/26bf/hdl/TRNG_IP_v1_0_S00_AXI.v:412]
CRITICAL WARNING: [Synth 8-3352] multi-driven net Q with 2nd driver pin 'GND' [c:/Users/Admin/Documents/vivado/exercise/TRNG/TRNG.srcs/sources_1/bd/TRNG_BOCK/ipshared/26bf/hdl/TRNG_IP_v1_0_S00_AXI.v:412]
CRITICAL WARNING: [Synth 8-5559] multi-driven net Q is connected to constant driver, other driver is ignored [c:/Users/Admin/Documents/vivado/exercise/TRNG/TRNG.srcs/sources_1/bd/TRNG_BOCK/ipshared/26bf/hdl/TRNG_IP_v1_0_S00_AXI.v:412]
INFO: [Synth 8-3332] Sequential element (inst/TRNG_IP_v1_0_S00_AXI_inst/slv_reg1_reg[1]) is unused and will be removed from module TRNG_BOCK_TRNG_IP_0_1.
CRITICAL WARNING: [Synth 8-3352] multi-driven net Q with 1st driver pin 'TRNG_BOCK_i/TRNG_IP_0/inst/TRNG_IP_v1_0_S00_AXI_inst/slv_reg1_reg[1]/Q' [c:/Users/Admin/Documents/vivado/exercise/TRNG/TRNG.srcs/sources_1/bd/TRNG_BOCK/ipshared/26bf/hdl/TRNG_IP_v1_0_S00_AXI.v:412]
CRITICAL WARNING: [Synth 8-3352] multi-driven net Q with 2nd driver pin 'GND' [c:/Users/Admin/Documents/vivado/exercise/TRNG/TRNG.srcs/sources_1/bd/TRNG_BOCK/ipshared/26bf/hdl/TRNG_IP_v1_0_S00_AXI.v:412]
CRITICAL WARNING: [Synth 8-5559] multi-driven net Q is connected to constant driver, other driver is ignored [c:/Users/Admin/Documents/vivado/exercise/TRNG/TRNG.srcs/sources_1/bd/TRNG_BOCK/ipshared/26bf/hdl/TRNG_IP_v1_0_S00_AXI.v:412]
INFO: [Synth 8-3332] Sequential element (inst/TRNG_IP_v1_0_S00_AXI_inst/slv_reg1_reg[0]) is unused and will be removed from module TRNG_BOCK_TRNG_IP_0_1.
INFO: [Synth 8-3332] Sequential element (inst/TRNG_IP_v1_0_S00_AXI_inst/slv_reg1_reg[31]__0) is unused and will be removed from module TRNG_BOCK_TRNG_IP_0_1.
INFO: [Synth 8-3332] Sequential element (inst/TRNG_IP_v1_0_S00_AXI_inst/slv_reg1_reg[30]__0) is unused and will be removed from module TRNG_BOCK_TRNG_IP_0_1.
INFO: [Synth 8-3332] Sequential element (inst/TRNG_IP_v1_0_S00_AXI_inst/slv_reg1_reg[29]__0) is unused and will be removed from module TRNG_BOCK_TRNG_IP_0_1.
INFO: [Synth 8-3332] Sequential element (inst/TRNG_IP_v1_0_S00_AXI_inst/slv_reg1_reg[28]__0) is unused and will be removed from module TRNG_BOCK_TRNG_IP_0_1.
INFO: [Synth 8-3332] Sequential element (inst/TRNG_IP_v1_0_S00_AXI_inst/slv_reg1_reg[27]__0) is unused and will be removed from module TRNG_BOCK_TRNG_IP_0_1.
INFO: [Synth 8-3332] Sequential element (inst/TRNG_IP_v1_0_S00_AXI_inst/slv_reg1_reg[26]__0) is unused and will be removed from module TRNG_BOCK_TRNG_IP_0_1.
INFO: [Synth 8-3332] Sequential element (inst/TRNG_IP_v1_0_S00_AXI_inst/slv_reg1_reg[25]__0) is unused and will be removed from module TRNG_BOCK_TRNG_IP_0_1.
INFO: [Synth 8-3332] Sequential element (inst/TRNG_IP_v1_0_S00_AXI_inst/slv_reg1_reg[24]__0) is unused and will be removed from module TRNG_BOCK_TRNG_IP_0_1.
INFO: [Synth 8-3332] Sequential element (inst/TRNG_IP_v1_0_S00_AXI_inst/slv_reg1_reg[23]__0) is unused and will be removed from module TRNG_BOCK_TRNG_IP_0_1.
INFO: [Synth 8-3332] Sequential element (inst/TRNG_IP_v1_0_S00_AXI_inst/slv_reg1_reg[22]__0) is unused and will be removed from module TRNG_BOCK_TRNG_IP_0_1.
INFO: [Synth 8-3332] Sequential element (inst/TRNG_IP_v1_0_S00_AXI_inst/slv_reg1_reg[21]__0) is unused and will be removed from module TRNG_BOCK_TRNG_IP_0_1.
INFO: [Synth 8-3332] Sequential element (inst/TRNG_IP_v1_0_S00_AXI_inst/slv_reg1_reg[20]__0) is unused and will be removed from module TRNG_BOCK_TRNG_IP_0_1.
INFO: [Synth 8-3332] Sequential element (inst/TRNG_IP_v1_0_S00_AXI_inst/slv_reg1_reg[19]__0) is unused and will be removed from module TRNG_BOCK_TRNG_IP_0_1.
INFO: [Synth 8-3332] Sequential element (inst/TRNG_IP_v1_0_S00_AXI_inst/slv_reg1_reg[18]__0) is unused and will be removed from module TRNG_BOCK_TRNG_IP_0_1.
INFO: [Synth 8-3332] Sequential element (inst/TRNG_IP_v1_0_S00_AXI_inst/slv_reg1_reg[17]__0) is unused and will be removed from module TRNG_BOCK_TRNG_IP_0_1.
INFO: [Synth 8-3332] Sequential element (inst/TRNG_IP_v1_0_S00_AXI_inst/slv_reg1_reg[16]__0) is unused and will be removed from module TRNG_BOCK_TRNG_IP_0_1.
INFO: [Synth 8-3332] Sequential element (inst/TRNG_IP_v1_0_S00_AXI_inst/slv_reg1_reg[15]__0) is unused and will be removed from module TRNG_BOCK_TRNG_IP_0_1.
INFO: [Synth 8-3332] Sequential element (inst/TRNG_IP_v1_0_S00_AXI_inst/slv_reg1_reg[14]__0) is unused and will be removed from module TRNG_BOCK_TRNG_IP_0_1.
INFO: [Synth 8-3332] Sequential element (inst/TRNG_IP_v1_0_S00_AXI_inst/slv_reg1_reg[13]__0) is unused and will be removed from module TRNG_BOCK_TRNG_IP_0_1.
INFO: [Synth 8-3332] Sequential element (inst/TRNG_IP_v1_0_S00_AXI_inst/slv_reg1_reg[12]__0) is unused and will be removed from module TRNG_BOCK_TRNG_IP_0_1.
INFO: [Synth 8-3332] Sequential element (inst/TRNG_IP_v1_0_S00_AXI_inst/slv_reg1_reg[11]__0) is unused and will be removed from module TRNG_BOCK_TRNG_IP_0_1.
INFO: [Synth 8-3332] Sequential element (inst/TRNG_IP_v1_0_S00_AXI_inst/slv_reg1_reg[10]__0) is unused and will be removed from module TRNG_BOCK_TRNG_IP_0_1.
INFO: [Synth 8-3332] Sequential element (inst/TRNG_IP_v1_0_S00_AXI_inst/slv_reg1_reg[9]__0) is unused and will be removed from module TRNG_BOCK_TRNG_IP_0_1.
INFO: [Synth 8-3332] Sequential element (inst/TRNG_IP_v1_0_S00_AXI_inst/slv_reg1_reg[8]__0) is unused and will be removed from module TRNG_BOCK_TRNG_IP_0_1.
INFO: [Synth 8-3332] Sequential element (inst/TRNG_IP_v1_0_S00_AXI_inst/slv_reg1_reg[7]__0) is unused and will be removed from module TRNG_BOCK_TRNG_IP_0_1.
INFO: [Synth 8-3332] Sequential element (inst/TRNG_IP_v1_0_S00_AXI_inst/slv_reg1_reg[6]__0) is unused and will be removed from module TRNG_BOCK_TRNG_IP_0_1.
INFO: [Synth 8-3332] Sequential element (inst/TRNG_IP_v1_0_S00_AXI_inst/slv_reg1_reg[5]__0) is unused and will be removed from module TRNG_BOCK_TRNG_IP_0_1.
INFO: [Synth 8-3332] Sequential element (inst/TRNG_IP_v1_0_S00_AXI_inst/slv_reg1_reg[4]__0) is unused and will be removed from module TRNG_BOCK_TRNG_IP_0_1.
INFO: [Synth 8-3332] Sequential element (inst/TRNG_IP_v1_0_S00_AXI_inst/slv_reg1_reg[3]__0) is unused and will be removed from module TRNG_BOCK_TRNG_IP_0_1.
INFO: [Synth 8-3332] Sequential element (inst/TRNG_IP_v1_0_S00_AXI_inst/slv_reg1_reg[2]__0) is unused and will be removed from module TRNG_BOCK_TRNG_IP_0_1.
INFO: [Synth 8-3332] Sequential element (inst/TRNG_IP_v1_0_S00_AXI_inst/slv_reg1_reg[1]__0) is unused and will be removed from module TRNG_BOCK_TRNG_IP_0_1.
INFO: [Synth 8-3332] Sequential element (inst/TRNG_IP_v1_0_S00_AXI_inst/slv_reg1_reg[0]__0) is unused and will be removed from module TRNG_BOCK_TRNG_IP_0_1.
CRITICAL WARNING: [Synth 8-3352] multi-driven net Q with 1st driver pin 'TRNG_BOCK_i/TRNG_IP_0/inst/TRNG_IP_v1_0_S00_AXI_inst/slv_reg1_reg[0]__0/Q' [c:/Users/Admin/Documents/vivado/exercise/TRNG/TRNG.srcs/sources_1/bd/TRNG_BOCK/ipshared/26bf/hdl/TRNG_IP_v1_0_S00_AXI.v:226]
CRITICAL WARNING: [Synth 8-3352] multi-driven net Q with 2nd driver pin 'GND' [c:/Users/Admin/Documents/vivado/exercise/TRNG/TRNG.srcs/sources_1/bd/TRNG_BOCK/ipshared/26bf/hdl/TRNG_IP_v1_0_S00_AXI.v:226]
CRITICAL WARNING: [Synth 8-5559] multi-driven net Q is connected to constant driver, other driver is ignored [c:/Users/Admin/Documents/vivado/exercise/TRNG/TRNG.srcs/sources_1/bd/TRNG_BOCK/ipshared/26bf/hdl/TRNG_IP_v1_0_S00_AXI.v:226]
INFO: [Synth 8-3332] Sequential element (inst/TRNG_IP_v1_0_S00_AXI_inst/axi_awaddr_reg[1]) is unused and will be removed from module TRNG_BOCK_TRNG_IP_0_1.
INFO: [Synth 8-3332] Sequential element (inst/TRNG_IP_v1_0_S00_AXI_inst/axi_awaddr_reg[0]) is unused and will be removed from module TRNG_BOCK_TRNG_IP_0_1.
INFO: [Synth 8-3332] Sequential element (inst/TRNG_IP_v1_0_S00_AXI_inst/axi_bresp_reg[1]) is unused and will be removed from module TRNG_BOCK_TRNG_IP_0_1.
INFO: [Synth 8-3332] Sequential element (inst/TRNG_IP_v1_0_S00_AXI_inst/axi_araddr_reg[1]) is unused and will be removed from module TRNG_BOCK_TRNG_IP_0_1.
INFO: [Synth 8-3332] Sequential element (inst/TRNG_IP_v1_0_S00_AXI_inst/axi_araddr_reg[0]) is unused and will be removed from module TRNG_BOCK_TRNG_IP_0_1.
INFO: [Synth 8-3332] Sequential element (inst/TRNG_IP_v1_0_S00_AXI_inst/temp_reg_reg[31]) is unused and will be removed from module TRNG_BOCK_TRNG_IP_0_1.
INFO: [Synth 8-3332] Sequential element (inst/TRNG_IP_v1_0_S00_AXI_inst/axi_rresp_reg[1]) is unused and will be removed from module TRNG_BOCK_TRNG_IP_0_1.
INFO: [Synth 8-3886] merging instance 'TRNG_BOCK_i/ps7_0_axi_periph/s00_couplers/auto_pc/inst/gen_axilite.gen_b2s_conv.axilite_b2s/SI_REG/r.r_pipe/aresetn_d_reg[0]' (FDR) to 'TRNG_BOCK_i/ps7_0_axi_periph/s00_couplers/auto_pc/inst/gen_axilite.gen_b2s_conv.axilite_b2s/SI_REG/b.b_pipe/aresetn_d_reg[0]'
INFO: [Synth 8-3886] merging instance 'TRNG_BOCK_i/ps7_0_axi_periph/s00_couplers/auto_pc/inst/gen_axilite.gen_b2s_conv.axilite_b2s/SI_REG/b.b_pipe/aresetn_d_reg[0]' (FDR) to 'TRNG_BOCK_i/ps7_0_axi_periph/s00_couplers/auto_pc/inst/gen_axilite.gen_b2s_conv.axilite_b2s/SI_REG/aw.aw_pipe/aresetn_d_reg[0]'
INFO: [Synth 8-3886] merging instance 'TRNG_BOCK_i/ps7_0_axi_periph/s00_couplers/auto_pc/inst/gen_axilite.gen_b2s_conv.axilite_b2s/SI_REG/aw.aw_pipe/aresetn_d_reg[1]' (FDR) to 'TRNG_BOCK_i/ps7_0_axi_periph/s00_couplers/auto_pc/inst/gen_axilite.gen_b2s_conv.axilite_b2s/SI_REG/b.b_pipe/aresetn_d_reg[1]'
INFO: [Synth 8-3886] merging instance 'TRNG_BOCK_i/ps7_0_axi_periph/s00_couplers/auto_pc/inst/gen_axilite.gen_b2s_conv.axilite_b2s/SI_REG/r.r_pipe/aresetn_d_reg[1]' (FDR) to 'TRNG_BOCK_i/ps7_0_axi_periph/s00_couplers/auto_pc/inst/gen_axilite.gen_b2s_conv.axilite_b2s/SI_REG/b.b_pipe/aresetn_d_reg[1]'
INFO: [Synth 8-3886] merging instance 'TRNG_BOCK_i/ps7_0_axi_periph/s00_couplers/auto_pc/inst/gen_axilite.gen_b2s_conv.axilite_b2s/SI_REG/ar.ar_pipe/aresetn_d_reg[0]' (FDR) to 'TRNG_BOCK_i/ps7_0_axi_periph/s00_couplers/auto_pc/inst/gen_axilite.gen_b2s_conv.axilite_b2s/SI_REG/aw.aw_pipe/aresetn_d_reg[0]'
INFO: [Synth 8-3886] merging instance 'TRNG_BOCK_i/ps7_0_axi_periph/s00_couplers/auto_pc/inst/gen_axilite.gen_b2s_conv.axilite_b2s/SI_REG/b.b_pipe/aresetn_d_reg[1]' (FDR) to 'TRNG_BOCK_i/ps7_0_axi_periph/s00_couplers/auto_pc/inst/gen_axilite.gen_b2s_conv.axilite_b2s/SI_REG/ar.ar_pipe/aresetn_d_reg[1]'
INFO: [Synth 8-3332] Sequential element (inst/gen_axilite.gen_b2s_conv.axilite_b2s/SI_REG/aw.aw_pipe/skid_buffer_reg[65]) is unused and will be removed from module TRNG_BOCK_auto_pc_0.
INFO: [Synth 8-3332] Sequential element (inst/gen_axilite.gen_b2s_conv.axilite_b2s/SI_REG/aw.aw_pipe/skid_buffer_reg[64]) is unused and will be removed from module TRNG_BOCK_auto_pc_0.
INFO: [Synth 8-3332] Sequential element (inst/gen_axilite.gen_b2s_conv.axilite_b2s/SI_REG/aw.aw_pipe/skid_buffer_reg[63]) is unused and will be removed from module TRNG_BOCK_auto_pc_0.
INFO: [Synth 8-3332] Sequential element (inst/gen_axilite.gen_b2s_conv.axilite_b2s/SI_REG/aw.aw_pipe/skid_buffer_reg[62]) is unused and will be removed from module TRNG_BOCK_auto_pc_0.
INFO: [Synth 8-3332] Sequential element (inst/gen_axilite.gen_b2s_conv.axilite_b2s/SI_REG/aw.aw_pipe/skid_buffer_reg[49]) is unused and will be removed from module TRNG_BOCK_auto_pc_0.
INFO: [Synth 8-3332] Sequential element (inst/gen_axilite.gen_b2s_conv.axilite_b2s/SI_REG/aw.aw_pipe/skid_buffer_reg[48]) is unused and will be removed from module TRNG_BOCK_auto_pc_0.
INFO: [Synth 8-3332] Sequential element (inst/gen_axilite.gen_b2s_conv.axilite_b2s/SI_REG/aw.aw_pipe/skid_buffer_reg[43]) is unused and will be removed from module TRNG_BOCK_auto_pc_0.
INFO: [Synth 8-3332] Sequential element (inst/gen_axilite.gen_b2s_conv.axilite_b2s/SI_REG/aw.aw_pipe/skid_buffer_reg[42]) is unused and will be removed from module TRNG_BOCK_auto_pc_0.
INFO: [Synth 8-3332] Sequential element (inst/gen_axilite.gen_b2s_conv.axilite_b2s/SI_REG/aw.aw_pipe/skid_buffer_reg[41]) is unused and will be removed from module TRNG_BOCK_auto_pc_0.
INFO: [Synth 8-3332] Sequential element (inst/gen_axilite.gen_b2s_conv.axilite_b2s/SI_REG/aw.aw_pipe/skid_buffer_reg[40]) is unused and will be removed from module TRNG_BOCK_auto_pc_0.
INFO: [Synth 8-3332] Sequential element (inst/gen_axilite.gen_b2s_conv.axilite_b2s/SI_REG/aw.aw_pipe/skid_buffer_reg[37]) is unused and will be removed from module TRNG_BOCK_auto_pc_0.
INFO: [Synth 8-3332] Sequential element (inst/gen_axilite.gen_b2s_conv.axilite_b2s/SI_REG/aw.aw_pipe/m_payload_i_reg[49]) is unused and will be removed from module TRNG_BOCK_auto_pc_0.
INFO: [Synth 8-3332] Sequential element (inst/gen_axilite.gen_b2s_conv.axilite_b2s/SI_REG/aw.aw_pipe/m_payload_i_reg[48]) is unused and will be removed from module TRNG_BOCK_auto_pc_0.
INFO: [Synth 8-3332] Sequential element (inst/gen_axilite.gen_b2s_conv.axilite_b2s/SI_REG/aw.aw_pipe/m_payload_i_reg[43]) is unused and will be removed from module TRNG_BOCK_auto_pc_0.
INFO: [Synth 8-3332] Sequential element (inst/gen_axilite.gen_b2s_conv.axilite_b2s/SI_REG/aw.aw_pipe/m_payload_i_reg[42]) is unused and will be removed from module TRNG_BOCK_auto_pc_0.
INFO: [Synth 8-3332] Sequential element (inst/gen_axilite.gen_b2s_conv.axilite_b2s/SI_REG/aw.aw_pipe/m_payload_i_reg[41]) is unused and will be removed from module TRNG_BOCK_auto_pc_0.
INFO: [Synth 8-3332] Sequential element (inst/gen_axilite.gen_b2s_conv.axilite_b2s/SI_REG/aw.aw_pipe/m_payload_i_reg[40]) is unused and will be removed from module TRNG_BOCK_auto_pc_0.
INFO: [Synth 8-3332] Sequential element (inst/gen_axilite.gen_b2s_conv.axilite_b2s/SI_REG/aw.aw_pipe/m_payload_i_reg[37]) is unused and will be removed from module TRNG_BOCK_auto_pc_0.
INFO: [Synth 8-3332] Sequential element (inst/gen_axilite.gen_b2s_conv.axilite_b2s/SI_REG/ar.ar_pipe/skid_buffer_reg[65]) is unused and will be removed from module TRNG_BOCK_auto_pc_0.
INFO: [Synth 8-3332] Sequential element (inst/gen_axilite.gen_b2s_conv.axilite_b2s/SI_REG/ar.ar_pipe/skid_buffer_reg[64]) is unused and will be removed from module TRNG_BOCK_auto_pc_0.
INFO: [Synth 8-3332] Sequential element (inst/gen_axilite.gen_b2s_conv.axilite_b2s/SI_REG/ar.ar_pipe/skid_buffer_reg[63]) is unused and will be removed from module TRNG_BOCK_auto_pc_0.
INFO: [Synth 8-3332] Sequential element (inst/gen_axilite.gen_b2s_conv.axilite_b2s/SI_REG/ar.ar_pipe/skid_buffer_reg[62]) is unused and will be removed from module TRNG_BOCK_auto_pc_0.
INFO: [Synth 8-3332] Sequential element (inst/gen_axilite.gen_b2s_conv.axilite_b2s/SI_REG/ar.ar_pipe/skid_buffer_reg[49]) is unused and will be removed from module TRNG_BOCK_auto_pc_0.
INFO: [Synth 8-3332] Sequential element (inst/gen_axilite.gen_b2s_conv.axilite_b2s/SI_REG/ar.ar_pipe/skid_buffer_reg[48]) is unused and will be removed from module TRNG_BOCK_auto_pc_0.
INFO: [Synth 8-3332] Sequential element (inst/gen_axilite.gen_b2s_conv.axilite_b2s/SI_REG/ar.ar_pipe/skid_buffer_reg[43]) is unused and will be removed from module TRNG_BOCK_auto_pc_0.
INFO: [Synth 8-3332] Sequential element (inst/gen_axilite.gen_b2s_conv.axilite_b2s/SI_REG/ar.ar_pipe/skid_buffer_reg[42]) is unused and will be removed from module TRNG_BOCK_auto_pc_0.
INFO: [Synth 8-3332] Sequential element (inst/gen_axilite.gen_b2s_conv.axilite_b2s/SI_REG/ar.ar_pipe/skid_buffer_reg[41]) is unused and will be removed from module TRNG_BOCK_auto_pc_0.
INFO: [Synth 8-3332] Sequential element (inst/gen_axilite.gen_b2s_conv.axilite_b2s/SI_REG/ar.ar_pipe/skid_buffer_reg[40]) is unused and will be removed from module TRNG_BOCK_auto_pc_0.
INFO: [Synth 8-3332] Sequential element (inst/gen_axilite.gen_b2s_conv.axilite_b2s/SI_REG/ar.ar_pipe/skid_buffer_reg[37]) is unused and will be removed from module TRNG_BOCK_auto_pc_0.
INFO: [Common 17-14] Message 'Synth 8-3332' appears 100 times and further instances of the messages will be disabled. Use the Tcl command set_msg_config to change the current settings.
INFO: [Synth 8-3886] merging instance 'TRNG_BOCK_i/rst_ps7_0_100M/U0/SEQ/pr_dec_reg[1]' (FD) to 'TRNG_BOCK_i/rst_ps7_0_100M/U0/SEQ/bsr_dec_reg[1]'
INFO: [Synth 8-3886] merging instance 'TRNG_BOCK_i/rst_ps7_0_100M/U0/SEQ/bsr_dec_reg[1]' (FD) to 'TRNG_BOCK_i/rst_ps7_0_100M/U0/SEQ/core_dec_reg[1]'
---------------------------------------------------------------------------------
Finished Cross Boundary and Area Optimization : Time (s): cpu = 00:01:30 ; elapsed = 00:01:57 . Memory (MB): peak = 823.699 ; gain = 549.652
---------------------------------------------------------------------------------

Report RTL Partitions: 
+-+--------------+------------+----------+
| |RTL Partition |Replication |Instances |
+-+--------------+------------+----------+
+-+--------------+------------+----------+
---------------------------------------------------------------------------------
Start Applying XDC Timing Constraints
---------------------------------------------------------------------------------
---------------------------------------------------------------------------------
Finished Applying XDC Timing Constraints : Time (s): cpu = 00:02:11 ; elapsed = 00:02:56 . Memory (MB): peak = 971.477 ; gain = 697.430
---------------------------------------------------------------------------------
---------------------------------------------------------------------------------
Start Timing Optimization
---------------------------------------------------------------------------------
      : TRNG_BOCK_i/S_TRNG_0/inst/sub_3_2/w2_inferred__0/out
      : TRNG_BOCK_i/S_TRNG_0/inst/sub_3_2/w2_inferred__0/in0
      : TRNG_BOCK_i/S_TRNG_0/inst/sub_3_2/w2_inferred/out
      : TRNG_BOCK_i/S_TRNG_0/inst/sub_3_2/w2_inferred/in0
      : TRNG_BOCK_i/S_TRNG_0/inst/sub_3_2/w1_inferred__0/out
      : TRNG_BOCK_i/S_TRNG_0/inst/sub_3_2/w1_inferred__0/in0
      : TRNG_BOCK_i/S_TRNG_0/inst/sub_3_2/w1_inferred/out
      : TRNG_BOCK_i/S_TRNG_0/inst/sub_3_2/w1_inferred/in0
      : TRNG_BOCK_i/S_TRNG_0/inst/sub_3_2/w3_inferred__0/out
      : TRNG_BOCK_i/S_TRNG_0/inst/sub_3_2/w3_inferred__0/in0
      : TRNG_BOCK_i/S_TRNG_0/inst/sub_3_2/w3_inferred/out
      : TRNG_BOCK_i/S_TRNG_0/inst/sub_3_2/w3_inferred/in0
      : TRNG_BOCK_i/S_TRNG_0/inst/xor3_inferred__0/out
      : TRNG_BOCK_i/S_TRNG_0/inst/xor3_inferred__0/in0
      : TRNG_BOCK_i/S_TRNG_0/inst/xor3_inferred/out
      : TRNG_BOCK_i/S_TRNG_0/inst/xor3_inferred/in0
      : TRNG_BOCK_i/S_TRNG_0/inst/xor4_inferred__0/out
      : TRNG_BOCK_i/S_TRNG_0/inst/xor4_inferred__0/in0
      : TRNG_BOCK_i/S_TRNG_0/inst/xor4_inferred/out
      : TRNG_BOCK_i/S_TRNG_0/inst/xor4_inferred/in0
      : TRNG_BOCK_i/S_TRNG_0/inst/sub_3_1/w2_inferred__0/out
      : TRNG_BOCK_i/S_TRNG_0/inst/sub_3_1/w2_inferred__0/in0
      : TRNG_BOCK_i/S_TRNG_0/inst/sub_3_1/w2_inferred/out
      : TRNG_BOCK_i/S_TRNG_0/inst/sub_3_1/w2_inferred/in0
      : TRNG_BOCK_i/S_TRNG_0/inst/sub_3_1/w1_inferred__0/out
      : TRNG_BOCK_i/S_TRNG_0/inst/sub_3_1/w1_inferred__0/in0
      : TRNG_BOCK_i/S_TRNG_0/inst/sub_3_1/w1_inferred/out
      : TRNG_BOCK_i/S_TRNG_0/inst/sub_3_1/w1_inferred/in0
      : TRNG_BOCK_i/S_TRNG_0/inst/sub_3_1/w3_inferred__0/out
      : TRNG_BOCK_i/S_TRNG_0/inst/sub_3_1/w3_inferred__0/in0
      : TRNG_BOCK_i/S_TRNG_0/inst/sub_3_1/w3_inferred/out
      : TRNG_BOCK_i/S_TRNG_0/inst/sub_3_1/w3_inferred/in0
      : TRNG_BOCK_i/S_TRNG_0/inst/xor1_inferred__0/out
      : TRNG_BOCK_i/S_TRNG_0/inst/xor1_inferred__0/in0
      : TRNG_BOCK_i/S_TRNG_0/inst/xor1_inferred/out
      : TRNG_BOCK_i/S_TRNG_0/inst/xor1_inferred/in0
      : TRNG_BOCK_i/S_TRNG_0/inst/xor2_inferred__0/out
      : TRNG_BOCK_i/S_TRNG_0/inst/xor2_inferred__0/in0
      : TRNG_BOCK_i/S_TRNG_0/inst/xor2_inferred/out
      : TRNG_BOCK_i/S_TRNG_0/inst/xor2_inferred/in0
WARNING: [Synth 8-326] inferred exception to break timing loop: 'set_false_path -through TRNG_BOCK_i/S_TRNG_0/inst/sub_1_1/nand_gate/O'
WARNING: [Synth 8-326] inferred exception to break timing loop: 'set_false_path -through TRNG_BOCK_i/S_TRNG_0/inst/sub_1_2/nand_gate/O'
---------------------------------------------------------------------------------
Finished Timing Optimization : Time (s): cpu = 00:02:12 ; elapsed = 00:02:58 . Memory (MB): peak = 1033.227 ; gain = 759.180
---------------------------------------------------------------------------------

Report RTL Partitions: 
+-+--------------+------------+----------+
| |RTL Partition |Replication |Instances |
+-+--------------+------------+----------+
+-+--------------+------------+----------+
---------------------------------------------------------------------------------
Start Technology Mapping
---------------------------------------------------------------------------------
---------------------------------------------------------------------------------
Finished Technology Mapping : Time (s): cpu = 00:02:14 ; elapsed = 00:03:00 . Memory (MB): peak = 1042.254 ; gain = 768.207
---------------------------------------------------------------------------------

Report RTL Partitions: 
+-+--------------+------------+----------+
| |RTL Partition |Replication |Instances |
+-+--------------+------------+----------+
+-+--------------+------------+----------+
---------------------------------------------------------------------------------
Start IO Insertion
---------------------------------------------------------------------------------
---------------------------------------------------------------------------------
Start Flattening Before IO Insertion
---------------------------------------------------------------------------------
---------------------------------------------------------------------------------
Finished Flattening Before IO Insertion
---------------------------------------------------------------------------------
---------------------------------------------------------------------------------
Start Final Netlist Cleanup
---------------------------------------------------------------------------------
INFO: [Synth 8-5365] Flop inst/gen_axilite.gen_b2s_conv.axilite_b2s/SI_REG/ar.ar_pipe/aresetn_d_reg[1] is being inverted and renamed to inst/gen_axilite.gen_b2s_conv.axilite_b2s/SI_REG/ar.ar_pipe/aresetn_d_reg[1]_inv.
INFO: [Synth 8-4618] Found max_fanout attribute set to 10 on net \inst/gen_axilite.gen_b2s_conv.axilite_b2s/RD.r_channel_0/transaction_fifo_0/cnt_read [4]. Fanout reduced from 16 to 7 by creating 2 replicas.
INFO: [Synth 8-4618] Found max_fanout attribute set to 10 on net \inst/gen_axilite.gen_b2s_conv.axilite_b2s/RD.r_channel_0/transaction_fifo_0/cnt_read [3]. Fanout reduced from 17 to 7 by creating 2 replicas.
INFO: [Synth 8-4618] Found max_fanout attribute set to 10 on net \inst/gen_axilite.gen_b2s_conv.axilite_b2s/RD.r_channel_0/transaction_fifo_0/cnt_read [1]. Fanout reduced from 20 to 7 by creating 2 replicas.
INFO: [Synth 8-4618] Found max_fanout attribute set to 10 on net \inst/gen_axilite.gen_b2s_conv.axilite_b2s/RD.r_channel_0/transaction_fifo_0/cnt_read [0]. Fanout reduced from 21 to 7 by creating 3 replicas.
INFO: [Synth 8-4618] Found max_fanout attribute set to 10 on net \inst/gen_axilite.gen_b2s_conv.axilite_b2s/RD.r_channel_0/transaction_fifo_0/cnt_read [2]. Fanout reduced from 19 to 7 by creating 2 replicas.
INFO: [Synth 8-4618] Found max_fanout attribute set to 10 on net \inst/gen_axilite.gen_b2s_conv.axilite_b2s/WR.b_channel_0/bid_fifo_0/cnt_read [1]. Fanout reduced from 24 to 8 by creating 2 replicas.
INFO: [Synth 8-4618] Found max_fanout attribute set to 10 on net \inst/gen_axilite.gen_b2s_conv.axilite_b2s/WR.b_channel_0/bid_fifo_0/cnt_read [0]. Fanout reduced from 25 to 9 by creating 2 replicas.
INFO: [Synth 8-4618] Found max_fanout attribute set to 10 on net \inst/gen_axilite.gen_b2s_conv.axilite_b2s/RD.r_channel_0/rd_data_fifo_0/cnt_read [0]. Fanout reduced from 44 to 9 by creating 5 replicas.
INFO: [Synth 8-4618] Found max_fanout attribute set to 10 on net \inst/gen_axilite.gen_b2s_conv.axilite_b2s/RD.r_channel_0/rd_data_fifo_0/cnt_read [3]. Fanout reduced from 41 to 9 by creating 4 replicas.
INFO: [Synth 8-4618] Found max_fanout attribute set to 10 on net \inst/gen_axilite.gen_b2s_conv.axilite_b2s/RD.r_channel_0/rd_data_fifo_0/cnt_read [4]. Fanout reduced from 40 to 9 by creating 4 replicas.
INFO: [Synth 8-4618] Found max_fanout attribute set to 10 on net \inst/gen_axilite.gen_b2s_conv.axilite_b2s/RD.r_channel_0/rd_data_fifo_0/cnt_read [1]. Fanout reduced from 43 to 9 by creating 4 replicas.
INFO: [Synth 8-4618] Found max_fanout attribute set to 10 on net \inst/gen_axilite.gen_b2s_conv.axilite_b2s/RD.r_channel_0/rd_data_fifo_0/cnt_read [2]. Fanout reduced from 42 to 9 by creating 4 replicas.
INFO: [Synth 8-4618] Found max_fanout attribute set to 20 on net \inst/gen_axilite.gen_b2s_conv.axilite_b2s/RD.ar_channel_0/ar_cmd_fsm_0/state [1]. Fanout reduced from 29 to 15 by creating 1 replicas.
INFO: [Synth 8-4618] Found max_fanout attribute set to 20 on net \inst/gen_axilite.gen_b2s_conv.axilite_b2s/RD.ar_channel_0/ar_cmd_fsm_0/state [0]. Fanout reduced from 30 to 15 by creating 1 replicas.
INFO: [Synth 8-4618] Found max_fanout attribute set to 20 on net \inst/gen_axilite.gen_b2s_conv.axilite_b2s/WR.aw_channel_0/aw_cmd_fsm_0/state [1]. Fanout reduced from 24 to 12 by creating 1 replicas.
INFO: [Synth 8-4618] Found max_fanout attribute set to 20 on net \inst/gen_axilite.gen_b2s_conv.axilite_b2s/WR.aw_channel_0/aw_cmd_fsm_0/state [0]. Fanout reduced from 24 to 12 by creating 1 replicas.
---------------------------------------------------------------------------------
Finished Final Netlist Cleanup
---------------------------------------------------------------------------------
---------------------------------------------------------------------------------
Finished IO Insertion : Time (s): cpu = 00:02:15 ; elapsed = 00:03:02 . Memory (MB): peak = 1042.254 ; gain = 768.207
---------------------------------------------------------------------------------

Report Check Netlist: 
+------+------------------+-------+---------+-------+------------------+
|      |Item              |Errors |Warnings |Status |Description       |
+------+------------------+-------+---------+-------+------------------+
|1     |multi_driven_nets |      0|        0|Passed |Multi driven nets |
+------+------------------+-------+---------+-------+------------------+
---------------------------------------------------------------------------------
Start Renaming Generated Instances
---------------------------------------------------------------------------------
---------------------------------------------------------------------------------
Finished Renaming Generated Instances : Time (s): cpu = 00:02:15 ; elapsed = 00:03:02 . Memory (MB): peak = 1042.254 ; gain = 768.207
---------------------------------------------------------------------------------

Report RTL Partitions: 
+-+--------------+------------+----------+
| |RTL Partition |Replication |Instances |
+-+--------------+------------+----------+
+-+--------------+------------+----------+
---------------------------------------------------------------------------------
Start Rebuilding User Hierarchy
---------------------------------------------------------------------------------
---------------------------------------------------------------------------------
Finished Rebuilding User Hierarchy : Time (s): cpu = 00:02:15 ; elapsed = 00:03:02 . Memory (MB): peak = 1042.254 ; gain = 768.207
---------------------------------------------------------------------------------
---------------------------------------------------------------------------------
Start Renaming Generated Ports
---------------------------------------------------------------------------------
---------------------------------------------------------------------------------
Finished Renaming Generated Ports : Time (s): cpu = 00:02:15 ; elapsed = 00:03:02 . Memory (MB): peak = 1042.254 ; gain = 768.207
---------------------------------------------------------------------------------
---------------------------------------------------------------------------------
Start Handling Custom Attributes
---------------------------------------------------------------------------------
---------------------------------------------------------------------------------
Finished Handling Custom Attributes : Time (s): cpu = 00:02:15 ; elapsed = 00:03:02 . Memory (MB): peak = 1042.254 ; gain = 768.207
---------------------------------------------------------------------------------
---------------------------------------------------------------------------------
Start Renaming Generated Nets
---------------------------------------------------------------------------------
---------------------------------------------------------------------------------
Finished Renaming Generated Nets : Time (s): cpu = 00:02:15 ; elapsed = 00:03:02 . Memory (MB): peak = 1042.254 ; gain = 768.207
---------------------------------------------------------------------------------
---------------------------------------------------------------------------------
Start ROM, RAM, DSP and Shift Register Reporting
---------------------------------------------------------------------------------

Dynamic Shift Register Report:
+------------+----------------+--------+------------+--------+---------+--------+--------+--------+
|Module Name | RTL Name       | Length | Data Width | SRL16E | SRLC32E | Mux F7 | Mux F8 | Mux F9 | 
+------------+----------------+--------+------------+--------+---------+--------+--------+--------+
|dsrl        | memory_reg[3]  | 20     | 20         | 20     | 0       | 0      | 0      | 0      | 
|dsrl__1     | memory_reg[3]  | 2      | 2          | 2      | 0       | 0      | 0      | 0      | 
|dsrl__2     | memory_reg[31] | 34     | 34         | 0      | 34      | 0      | 0      | 0      | 
|dsrl__3     | memory_reg[31] | 13     | 13         | 0      | 13      | 0      | 0      | 0      | 
|dsrl__4     | memory_reg[3]  | 20     | 20         | 20     | 0       | 0      | 0      | 0      | 
|dsrl__5     | memory_reg[3]  | 2      | 2          | 2      | 0       | 0      | 0      | 0      | 
+------------+----------------+--------+------------+--------+---------+--------+--------+--------+

---------------------------------------------------------------------------------
Finished ROM, RAM, DSP and Shift Register Reporting
---------------------------------------------------------------------------------
---------------------------------------------------------------------------------
Start Writing Synthesis Report
---------------------------------------------------------------------------------

Report BlackBoxes: 
+-+--------------+----------+
| |BlackBox name |Instances |
+-+--------------+----------+
+-+--------------+----------+

Report Cell Usage: 
+------+--------+------+
|      |Cell    |Count |
+------+--------+------+
|1     |BIBUF   |   130|
|2     |BUFG    |     1|
|3     |CARRY4  |    18|
|4     |LUT1    |   126|
|5     |LUT2    |    35|
|6     |LUT3    |   244|
|7     |LUT4    |    71|
|8     |LUT5    |   100|
|9     |LUT6    |   117|
|10    |PS7     |     1|
|11    |SRL16   |     1|
|12    |SRL16E  |    18|
|13    |SRLC32E |    47|
|14    |FDR     |     8|
|15    |FDRE    |   755|
|16    |FDSE    |    55|
+------+--------+------+

Report Instance Areas: 
+------+---------------------------------------------------+---------------------------------------------------------------+------+
|      |Instance                                           |Module                                                         |Cells |
+------+---------------------------------------------------+---------------------------------------------------------------+------+
|1     |top                                                |                                                               |  1727|
|2     |  TRNG_BOCK_i                                      |TRNG_BOCK                                                      |  1727|
|3     |    S_TRNG_0                                       |TRNG_BOCK_S_TRNG_0_0                                           |    17|
|4     |      inst                                         |S_TRNG                                                         |    17|
|5     |        sub_1_1                                    |sub_ring_1__2                                                  |     1|
|6     |        sub_3_1                                    |sub_ring_3__2                                                  |     3|
|7     |        sub_1_2                                    |sub_ring_1                                                     |     1|
|8     |        sub_3_2                                    |sub_ring_3                                                     |     3|
|9     |    TRNG_IP_0                                      |TRNG_BOCK_TRNG_IP_0_1                                          |   233|
|10    |      inst                                         |TRNG_IP_v1_0                                                   |   233|
|11    |        TRNG_IP_v1_0_S00_AXI_inst                  |TRNG_IP_v1_0_S00_AXI                                           |   233|
|12    |    processing_system7_0                           |TRNG_BOCK_processing_system7_0_0                               |   244|
|13    |      inst                                         |processing_system7_v5_5_processing_system7                     |   244|
|14    |    ps7_0_axi_periph                               |TRNG_BOCK_ps7_0_axi_periph_0                                   |  1167|
|15    |      s00_couplers                                 |s00_couplers_imp_1QMCIBD                                       |  1167|
|16    |        auto_pc                                    |TRNG_BOCK_auto_pc_0                                            |  1167|
|17    |          inst                                     |axi_protocol_converter_v2_1_17_axi_protocol_converter          |  1167|
|18    |            \gen_axilite.gen_b2s_conv.axilite_b2s  |axi_protocol_converter_v2_1_17_b2s                             |  1167|
|19    |              \RD.ar_channel_0                     |axi_protocol_converter_v2_1_17_b2s_ar_channel                  |   188|
|20    |                ar_cmd_fsm_0                       |axi_protocol_converter_v2_1_17_b2s_rd_cmd_fsm                  |    23|
|21    |                cmd_translator_0                   |axi_protocol_converter_v2_1_17_b2s_cmd_translator_2            |   153|
|22    |                  incr_cmd_0                       |axi_protocol_converter_v2_1_17_b2s_incr_cmd_3                  |    63|
|23    |                  wrap_cmd_0                       |axi_protocol_converter_v2_1_17_b2s_wrap_cmd_4                  |    85|
|24    |              \RD.r_channel_0                      |axi_protocol_converter_v2_1_17_b2s_r_channel                   |   124|
|25    |                rd_data_fifo_0                     |axi_protocol_converter_v2_1_17_b2s_simple_fifo__parameterized1 |    71|
|26    |                transaction_fifo_0                 |axi_protocol_converter_v2_1_17_b2s_simple_fifo__parameterized2 |    39|
|27    |              SI_REG                               |axi_register_slice_v2_1_17_axi_register_slice                  |   600|
|28    |                \ar.ar_pipe                        |axi_register_slice_v2_1_17_axic_register_slice                 |   201|
|29    |                \aw.aw_pipe                        |axi_register_slice_v2_1_17_axic_register_slice_1               |   205|
|30    |                \b.b_pipe                          |axi_register_slice_v2_1_17_axic_register_slice__parameterized1 |    47|
|31    |                \r.r_pipe                          |axi_register_slice_v2_1_17_axic_register_slice__parameterized2 |   147|
|32    |              \WR.aw_channel_0                     |axi_protocol_converter_v2_1_17_b2s_aw_channel                  |   187|
|33    |                aw_cmd_fsm_0                       |axi_protocol_converter_v2_1_17_b2s_wr_cmd_fsm                  |    26|
|34    |                cmd_translator_0                   |axi_protocol_converter_v2_1_17_b2s_cmd_translator              |   145|
|35    |                  incr_cmd_0                       |axi_protocol_converter_v2_1_17_b2s_incr_cmd                    |    58|
|36    |                  wrap_cmd_0                       |axi_protocol_converter_v2_1_17_b2s_wrap_cmd                    |    83|
|37    |              \WR.b_channel_0                      |axi_protocol_converter_v2_1_17_b2s_b_channel                   |    66|
|38    |                bid_fifo_0                         |axi_protocol_converter_v2_1_17_b2s_simple_fifo                 |    34|
|39    |                bresp_fifo_0                       |axi_protocol_converter_v2_1_17_b2s_simple_fifo__parameterized0 |     7|
|40    |    rst_ps7_0_100M                                 |TRNG_BOCK_rst_ps7_0_100M_0                                     |    66|
|41    |      U0                                           |proc_sys_reset                                                 |    66|
|42    |        EXT_LPF                                    |lpf                                                            |    23|
|43    |          \ACTIVE_LOW_AUX.ACT_LO_AUX               |cdc_sync                                                       |     6|
|44    |          \ACTIVE_LOW_EXT.ACT_LO_EXT               |cdc_sync_0                                                     |     6|
|45    |        SEQ                                        |sequence_psr                                                   |    38|
|46    |          SEQ_COUNTER                              |upcnt_n                                                        |    13|
+------+---------------------------------------------------+---------------------------------------------------------------+------+
---------------------------------------------------------------------------------
Finished Writing Synthesis Report : Time (s): cpu = 00:02:15 ; elapsed = 00:03:02 . Memory (MB): peak = 1042.254 ; gain = 768.207
---------------------------------------------------------------------------------
Synthesis finished with 0 errors, 96 critical warnings and 129 warnings.
Synthesis Optimization Runtime : Time (s): cpu = 00:01:35 ; elapsed = 00:02:50 . Memory (MB): peak = 1042.254 ; gain = 488.371
Synthesis Optimization Complete : Time (s): cpu = 00:02:15 ; elapsed = 00:03:02 . Memory (MB): peak = 1042.254 ; gain = 768.207
INFO: [Project 1-571] Translating synthesized netlist
INFO: [Netlist 29-17] Analyzing 27 Unisim elements for replacement
INFO: [Netlist 29-28] Unisim Transformation completed in 0 CPU seconds
INFO: [Project 1-570] Preparing netlist for logic optimization
INFO: [Opt 31-138] Pushed 0 inverter(s) to 0 load pin(s).
INFO: [Project 1-111] Unisim Transformation Summary:
  A total of 9 instances were transformed.
  FDR => FDRE: 8 instances
  SRL16 => SRL16E: 1 instances

INFO: [Common 17-83] Releasing license: Synthesis
298 Infos, 112 Warnings, 97 Critical Warnings and 0 Errors encountered.
synth_design completed successfully
synth_design: Time (s): cpu = 00:02:17 ; elapsed = 00:03:05 . Memory (MB): peak = 1042.254 ; gain = 775.430
WARNING: [Constraints 18-5210] No constraint will be written out.
INFO: [Common 17-1381] The checkpoint 'C:/Users/Admin/Documents/vivado/exercise/TRNG/TRNG.runs/synth_1/TRNG_BOCK_wrapper.dcp' has been generated.
INFO: [runtcl-4] Executing : report_utilization -file TRNG_BOCK_wrapper_utilization_synth.rpt -pb TRNG_BOCK_wrapper_utilization_synth.pb
report_utilization: Time (s): cpu = 00:00:00 ; elapsed = 00:00:00.045 . Memory (MB): peak = 1042.254 ; gain = 0.000
INFO: [Common 17-206] Exiting Vivado at Sun Mar 29 16:11:24 2026...
