Copyright 1986-2018 Xilinx, Inc. All Rights Reserved.
--------------------------------------------------------------------------------------------------------------------------------------------------------------------------------------------------------------------------
| Tool Version : Vivado v.2018.2 (win64) Build 2258646 Thu Jun 14 20:03:12 MDT 2018
| Date         : Sun Mar 29 16:13:06 2026
| Host         : Admin-PC running 64-bit major release  (build 9200)
| Command      : report_timing_summary -max_paths 10 -file TRNG_BOCK_wrapper_timing_summary_routed.rpt -pb TRNG_BOCK_wrapper_timing_summary_routed.pb -rpx TRNG_BOCK_wrapper_timing_summary_routed.rpx -warn_on_violation
| Design       : TRNG_BOCK_wrapper
| Device       : 7z020-clg400
| Speed File   : -1  PRODUCTION 1.11 2014-09-11
--------------------------------------------------------------------------------------------------------------------------------------------------------------------------------------------------------------------------

Timing Summary Report

------------------------------------------------------------------------------------------------
| Timer Settings
| --------------
------------------------------------------------------------------------------------------------

  Enable Multi Corner Analysis               :  Yes
  Enable Pessimism Removal                   :  Yes
  Pessimism Removal Resolution               :  Nearest Common Node
  Enable Input Delay Default Clock           :  No
  Enable Preset / Clear Arcs                 :  No
  Disable Flight Delays                      :  No
  Ignore I/O Paths                           :  No
  Timing Early Launch at Borrowing Latches   :  false

  Corner  Analyze    Analyze    
  Name    Max Paths  Min Paths  
  ------  ---------  ---------  
  Slow    Yes        Yes        
  Fast    Yes        Yes        



check_timing report

Table of Contents
-----------------
1. checking no_clock
2. checking constant_clock
3. checking pulse_width_clock
4. checking unconstrained_internal_endpoints
5. checking no_input_delay
6. checking no_output_delay
7. checking multiple_clock
8. checking generated_clocks
9. checking loops
10. checking partial_input_delay
11. checking partial_output_delay
12. checking latch_loops

1. checking no_clock
--------------------
 There are 0 register/latch pins with no clock.


2. checking constant_clock
--------------------------
 There are 0 register/latch pins with constant_clock.


3. checking pulse_width_clock
-----------------------------
 There are 0 register/latch pins which need pulse_width check


4. checking unconstrained_internal_endpoints
--------------------------------------------
 There are 0 pins that are not constrained for maximum delay.

 There are 0 pins that are not constrained for maximum delay due to constant clock.


5. checking no_input_delay
--------------------------
 There are 0 input ports with no input delay specified.

 There are 0 input ports with no input delay but user has a false path constraint.


6. checking no_output_delay
---------------------------
 There are 0 ports with no output delay specified.

 There are 0 ports with no output delay but user has a false path constraint

 There are 0 ports with no output delay but with a timing clock defined on it or propagating through it


7. checking multiple_clock
--------------------------
 There are 0 register/latch pins with multiple clocks.


8. checking generated_clocks
----------------------------
 There are 0 generated clocks that are not connected to a clock source.


9. checking loops
-----------------
 There are 6 combinational loops in the design. (HIGH)


10. checking partial_input_delay
--------------------------------
 There are 0 input ports with partial input delay specified.


11. checking partial_output_delay
---------------------------------
 There are 0 ports with partial output delay specified.


12. checking latch_loops
------------------------
 There are 0 combinational latch loops in the design through latch input



------------------------------------------------------------------------------------------------
| Design Timing Summary
| ---------------------
------------------------------------------------------------------------------------------------

    WNS(ns)      TNS(ns)  TNS Failing Endpoints  TNS Total Endpoints      WHS(ns)      THS(ns)  THS Failing Endpoints  THS Total Endpoints     WPWS(ns)     TPWS(ns)  TPWS Failing Endpoints  TPWS Total Endpoints  
    -------      -------  ---------------------  -------------------      -------      -------  ---------------------  -------------------     --------     --------  ----------------------  --------------------  
      4.763        0.000                      0                 1518        0.057        0.000                      0                 1518        4.020        0.000                       0                   712  


All user specified timing constraints are met.


------------------------------------------------------------------------------------------------
| Clock Summary
| -------------
------------------------------------------------------------------------------------------------

Clock       Waveform(ns)       Period(ns)      Frequency(MHz)
-----       ------------       ----------      --------------
clk_fpga_0  {0.000 5.000}      10.000          100.000         


------------------------------------------------------------------------------------------------
| Intra Clock Table
| -----------------
------------------------------------------------------------------------------------------------

Clock             WNS(ns)      TNS(ns)  TNS Failing Endpoints  TNS Total Endpoints      WHS(ns)      THS(ns)  THS Failing Endpoints  THS Total Endpoints     WPWS(ns)     TPWS(ns)  TPWS Failing Endpoints  TPWS Total Endpoints  
-----             -------      -------  ---------------------  -------------------      -------      -------  ---------------------  -------------------     --------     --------  ----------------------  --------------------  
clk_fpga_0          4.763        0.000                      0                 1518        0.057        0.000                      0                 1518        4.020        0.000                       0                   712  


------------------------------------------------------------------------------------------------
| Inter Clock Table
| -----------------
------------------------------------------------------------------------------------------------

From Clock    To Clock          WNS(ns)      TNS(ns)  TNS Failing Endpoints  TNS Total Endpoints      WHS(ns)      THS(ns)  THS Failing Endpoints  THS Total Endpoints  
----------    --------          -------      -------  ---------------------  -------------------      -------      -------  ---------------------  -------------------  


------------------------------------------------------------------------------------------------
| Other Path Groups Table
| -----------------------
------------------------------------------------------------------------------------------------

Path Group    From Clock    To Clock          WNS(ns)      TNS(ns)  TNS Failing Endpoints  TNS Total Endpoints      WHS(ns)      THS(ns)  THS Failing Endpoints  THS Total Endpoints  
----------    ----------    --------          -------      -------  ---------------------  -------------------      -------      -------  ---------------------  -------------------  


------------------------------------------------------------------------------------------------
| Timing Details
| --------------
------------------------------------------------------------------------------------------------


---------------------------------------------------------------------------------------------------
From Clock:  clk_fpga_0
  To Clock:  clk_fpga_0

Setup :            0  Failing Endpoints,  Worst Slack        4.763ns,  Total Violation        0.000ns
Hold  :            0  Failing Endpoints,  Worst Slack        0.057ns,  Total Violation        0.000ns
PW    :            0  Failing Endpoints,  Worst Slack        4.020ns,  Total Violation        0.000ns
---------------------------------------------------------------------------------------------------


Max Delay Paths
--------------------------------------------------------------------------------------
Slack (MET) :             4.763ns  (required time - arrival time)
  Source:                 TRNG_BOCK_i/ps7_0_axi_periph/s00_couplers/auto_pc/inst/gen_axilite.gen_b2s_conv.axilite_b2s/RD.r_channel_0/rd_data_fifo_0/cnt_read_reg[2]_rep__2/C
                            (rising edge-triggered cell FDSE clocked by clk_fpga_0  {rise@0.000ns fall@5.000ns period=10.000ns})
  Destination:            TRNG_BOCK_i/ps7_0_axi_periph/s00_couplers/auto_pc/inst/gen_axilite.gen_b2s_conv.axilite_b2s/RD.r_channel_0/transaction_fifo_0/cnt_read_reg[1]_rep/D
                            (rising edge-triggered cell FDSE clocked by clk_fpga_0  {rise@0.000ns fall@5.000ns period=10.000ns})
  Path Group:             clk_fpga_0
  Path Type:              Setup (Max at Slow Process Corner)
  Requirement:            10.000ns  (clk_fpga_0 rise@10.000ns - clk_fpga_0 rise@0.000ns)
  Data Path Delay:        4.724ns  (logic 1.116ns (23.626%)  route 3.608ns (76.374%))
  Logic Levels:           4  (LUT2=1 LUT3=1 LUT4=1 LUT6=1)
  Clock Path Skew:        -0.027ns (DCD - SCD + CPR)
    Destination Clock Delay (DCD):    2.700ns = ( 12.700 - 10.000 ) 
    Source Clock Delay      (SCD):    2.991ns
    Clock Pessimism Removal (CPR):    0.264ns
  Clock Uncertainty:      0.154ns  ((TSJ^2 + TIJ^2)^1/2 + DJ) / 2 + PE
    Total System Jitter     (TSJ):    0.071ns
    Total Input Jitter      (TIJ):    0.300ns
    Discrete Jitter          (DJ):    0.000ns
    Phase Error              (PE):    0.000ns

    Location             Delay type                Incr(ns)  Path(ns)    Netlist Resource(s)
  -------------------------------------------------------------------    -------------------
                         (clock clk_fpga_0 rise edge)
                                                      0.000     0.000 r  
    PS7_X0Y0             PS7                          0.000     0.000 r  TRNG_BOCK_i/processing_system7_0/inst/PS7_i/FCLKCLK[0]
                         net (fo=1, routed)           1.193     1.193    TRNG_BOCK_i/processing_system7_0/inst/FCLK_CLK_unbuffered[0]
    BUFGCTRL_X0Y16       BUFG (Prop_bufg_I_O)         0.101     1.294 r  TRNG_BOCK_i/processing_system7_0/inst/buffer_fclk_clk_0.FCLK_CLK_0_BUFG/O
                         net (fo=712, routed)         1.697     2.991    TRNG_BOCK_i/ps7_0_axi_periph/s00_couplers/auto_pc/inst/gen_axilite.gen_b2s_conv.axilite_b2s/RD.r_channel_0/rd_data_fifo_0/aclk
    SLICE_X31Y90         FDSE                                         r  TRNG_BOCK_i/ps7_0_axi_periph/s00_couplers/auto_pc/inst/gen_axilite.gen_b2s_conv.axilite_b2s/RD.r_channel_0/rd_data_fifo_0/cnt_read_reg[2]_rep__2/C
  -------------------------------------------------------------------    -------------------
    SLICE_X31Y90         FDSE (Prop_fdse_C_Q)         0.419     3.410 f  TRNG_BOCK_i/ps7_0_axi_periph/s00_couplers/auto_pc/inst/gen_axilite.gen_b2s_conv.axilite_b2s/RD.r_channel_0/rd_data_fifo_0/cnt_read_reg[2]_rep__2/Q
                         net (fo=8, routed)           0.859     4.269    TRNG_BOCK_i/ps7_0_axi_periph/s00_couplers/auto_pc/inst/gen_axilite.gen_b2s_conv.axilite_b2s/RD.r_channel_0/rd_data_fifo_0/cnt_read_reg[2]_rep__2_n_0
    SLICE_X31Y88         LUT3 (Prop_lut3_I2_O)        0.299     4.568 r  TRNG_BOCK_i/ps7_0_axi_periph/s00_couplers/auto_pc/inst/gen_axilite.gen_b2s_conv.axilite_b2s/RD.r_channel_0/rd_data_fifo_0/cnt_read[4]_i_2__0/O
                         net (fo=2, routed)           0.485     5.053    TRNG_BOCK_i/ps7_0_axi_periph/s00_couplers/auto_pc/inst/gen_axilite.gen_b2s_conv.axilite_b2s/RD.r_channel_0/transaction_fifo_0/cnt_read_reg[0]_rep__3
    SLICE_X29Y87         LUT6 (Prop_lut6_I5_O)        0.124     5.177 f  TRNG_BOCK_i/ps7_0_axi_periph/s00_couplers/auto_pc/inst/gen_axilite.gen_b2s_conv.axilite_b2s/RD.r_channel_0/transaction_fifo_0/m_valid_i_i_2/O
                         net (fo=6, routed)           0.734     5.912    TRNG_BOCK_i/ps7_0_axi_periph/s00_couplers/auto_pc/inst/gen_axilite.gen_b2s_conv.axilite_b2s/SI_REG/r.r_pipe/cnt_read_reg[4]_rep__0
    SLICE_X31Y91         LUT2 (Prop_lut2_I1_O)        0.124     6.036 r  TRNG_BOCK_i/ps7_0_axi_periph/s00_couplers/auto_pc/inst/gen_axilite.gen_b2s_conv.axilite_b2s/SI_REG/r.r_pipe/cnt_read[4]_i_4/O
                         net (fo=9, routed)           0.743     6.779    TRNG_BOCK_i/ps7_0_axi_periph/s00_couplers/auto_pc/inst/gen_axilite.gen_b2s_conv.axilite_b2s/RD.r_channel_0/transaction_fifo_0/s_ready_i_reg
    SLICE_X31Y87         LUT4 (Prop_lut4_I1_O)        0.150     6.929 r  TRNG_BOCK_i/ps7_0_axi_periph/s00_couplers/auto_pc/inst/gen_axilite.gen_b2s_conv.axilite_b2s/RD.r_channel_0/transaction_fifo_0/cnt_read[1]_i_1__1/O
                         net (fo=3, routed)           0.786     7.715    TRNG_BOCK_i/ps7_0_axi_periph/s00_couplers/auto_pc/inst/gen_axilite.gen_b2s_conv.axilite_b2s/RD.r_channel_0/transaction_fifo_0/cnt_read[1]_i_1__1_n_0
    SLICE_X31Y87         FDSE                                         r  TRNG_BOCK_i/ps7_0_axi_periph/s00_couplers/auto_pc/inst/gen_axilite.gen_b2s_conv.axilite_b2s/RD.r_channel_0/transaction_fifo_0/cnt_read_reg[1]_rep/D
  -------------------------------------------------------------------    -------------------

                         (clock clk_fpga_0 rise edge)
                                                     10.000    10.000 r  
    PS7_X0Y0             PS7                          0.000    10.000 r  TRNG_BOCK_i/processing_system7_0/inst/PS7_i/FCLKCLK[0]
                         net (fo=1, routed)           1.088    11.088    TRNG_BOCK_i/processing_system7_0/inst/FCLK_CLK_unbuffered[0]
    BUFGCTRL_X0Y16       BUFG (Prop_bufg_I_O)         0.091    11.179 r  TRNG_BOCK_i/processing_system7_0/inst/buffer_fclk_clk_0.FCLK_CLK_0_BUFG/O
                         net (fo=712, routed)         1.521    12.700    TRNG_BOCK_i/ps7_0_axi_periph/s00_couplers/auto_pc/inst/gen_axilite.gen_b2s_conv.axilite_b2s/RD.r_channel_0/transaction_fifo_0/aclk
    SLICE_X31Y87         FDSE                                         r  TRNG_BOCK_i/ps7_0_axi_periph/s00_couplers/auto_pc/inst/gen_axilite.gen_b2s_conv.axilite_b2s/RD.r_channel_0/transaction_fifo_0/cnt_read_reg[1]_rep/C
                         clock pessimism              0.264    12.964    
                         clock uncertainty           -0.154    12.810    
    SLICE_X31Y87         FDSE (Setup_fdse_C_D)       -0.332    12.478    TRNG_BOCK_i/ps7_0_axi_periph/s00_couplers/auto_pc/inst/gen_axilite.gen_b2s_conv.axilite_b2s/RD.r_channel_0/transaction_fifo_0/cnt_read_reg[1]_rep
  -------------------------------------------------------------------
                         required time                         12.478    
                         arrival time                          -7.715    
  -------------------------------------------------------------------
                         slack                                  4.763    

Slack (MET) :             4.796ns  (required time - arrival time)
  Source:                 TRNG_BOCK_i/ps7_0_axi_periph/s00_couplers/auto_pc/inst/gen_axilite.gen_b2s_conv.axilite_b2s/WR.b_channel_0/bid_fifo_0/cnt_read_reg[0]_rep/C
                            (rising edge-triggered cell FDSE clocked by clk_fpga_0  {rise@0.000ns fall@5.000ns period=10.000ns})
  Destination:            TRNG_BOCK_i/ps7_0_axi_periph/s00_couplers/auto_pc/inst/gen_axilite.gen_b2s_conv.axilite_b2s/WR.b_channel_0/bresp_fifo_0/cnt_read_reg[1]/D
                            (rising edge-triggered cell FDSE clocked by clk_fpga_0  {rise@0.000ns fall@5.000ns period=10.000ns})
  Path Group:             clk_fpga_0
  Path Type:              Setup (Max at Slow Process Corner)
  Requirement:            10.000ns  (clk_fpga_0 rise@10.000ns - clk_fpga_0 rise@0.000ns)
  Data Path Delay:        4.793ns  (logic 1.203ns (25.097%)  route 3.590ns (74.903%))
  Logic Levels:           5  (LUT4=1 LUT6=3 SRL16E=1)
  Clock Path Skew:        -0.022ns (DCD - SCD + CPR)
    Destination Clock Delay (DCD):    2.705ns = ( 12.705 - 10.000 ) 
    Source Clock Delay      (SCD):    2.994ns
    Clock Pessimism Removal (CPR):    0.267ns
  Clock Uncertainty:      0.154ns  ((TSJ^2 + TIJ^2)^1/2 + DJ) / 2 + PE
    Total System Jitter     (TSJ):    0.071ns
    Total Input Jitter      (TIJ):    0.300ns
    Discrete Jitter          (DJ):    0.000ns
    Phase Error              (PE):    0.000ns

    Location             Delay type                Incr(ns)  Path(ns)    Netlist Resource(s)
  -------------------------------------------------------------------    -------------------
                         (clock clk_fpga_0 rise edge)
                                                      0.000     0.000 r  
    PS7_X0Y0             PS7                          0.000     0.000 r  TRNG_BOCK_i/processing_system7_0/inst/PS7_i/FCLKCLK[0]
                         net (fo=1, routed)           1.193     1.193    TRNG_BOCK_i/processing_system7_0/inst/FCLK_CLK_unbuffered[0]
    BUFGCTRL_X0Y16       BUFG (Prop_bufg_I_O)         0.101     1.294 r  TRNG_BOCK_i/processing_system7_0/inst/buffer_fclk_clk_0.FCLK_CLK_0_BUFG/O
                         net (fo=712, routed)         1.700     2.994    TRNG_BOCK_i/ps7_0_axi_periph/s00_couplers/auto_pc/inst/gen_axilite.gen_b2s_conv.axilite_b2s/WR.b_channel_0/bid_fifo_0/aclk
    SLICE_X31Y99         FDSE                                         r  TRNG_BOCK_i/ps7_0_axi_periph/s00_couplers/auto_pc/inst/gen_axilite.gen_b2s_conv.axilite_b2s/WR.b_channel_0/bid_fifo_0/cnt_read_reg[0]_rep/C
  -------------------------------------------------------------------    -------------------
    SLICE_X31Y99         FDSE (Prop_fdse_C_Q)         0.419     3.413 r  TRNG_BOCK_i/ps7_0_axi_periph/s00_couplers/auto_pc/inst/gen_axilite.gen_b2s_conv.axilite_b2s/WR.b_channel_0/bid_fifo_0/cnt_read_reg[0]_rep/Q
                         net (fo=8, routed)           1.227     4.640    TRNG_BOCK_i/ps7_0_axi_periph/s00_couplers/auto_pc/inst/gen_axilite.gen_b2s_conv.axilite_b2s/WR.b_channel_0/bid_fifo_0/cnt_read_reg[0]_rep_n_0
    SLICE_X34Y98         SRL16E (Prop_srl16e_A0_Q)    0.296     4.936 r  TRNG_BOCK_i/ps7_0_axi_periph/s00_couplers/auto_pc/inst/gen_axilite.gen_b2s_conv.axilite_b2s/WR.b_channel_0/bid_fifo_0/memory_reg[3][3]_srl4/Q
                         net (fo=1, routed)           0.583     5.519    TRNG_BOCK_i/ps7_0_axi_periph/s00_couplers/auto_pc/inst/gen_axilite.gen_b2s_conv.axilite_b2s/WR.b_channel_0/bid_fifo_0/memory_reg[3][3]_srl4_n_0
    SLICE_X33Y98         LUT6 (Prop_lut6_I5_O)        0.124     5.643 f  TRNG_BOCK_i/ps7_0_axi_periph/s00_couplers/auto_pc/inst/gen_axilite.gen_b2s_conv.axilite_b2s/WR.b_channel_0/bid_fifo_0/bresp_cnt[7]_i_3/O
                         net (fo=2, routed)           0.439     6.082    TRNG_BOCK_i/ps7_0_axi_periph/s00_couplers/auto_pc/inst/gen_axilite.gen_b2s_conv.axilite_b2s/WR.b_channel_0/bid_fifo_0/bresp_cnt[7]_i_3_n_0
    SLICE_X35Y99         LUT6 (Prop_lut6_I0_O)        0.124     6.206 f  TRNG_BOCK_i/ps7_0_axi_periph/s00_couplers/auto_pc/inst/gen_axilite.gen_b2s_conv.axilite_b2s/WR.b_channel_0/bid_fifo_0/memory_reg[3][0]_srl4_i_3/O
                         net (fo=1, routed)           0.151     6.357    TRNG_BOCK_i/ps7_0_axi_periph/s00_couplers/auto_pc/inst/gen_axilite.gen_b2s_conv.axilite_b2s/WR.b_channel_0/bid_fifo_0/memory_reg[3][0]_srl4_i_3_n_0
    SLICE_X35Y99         LUT6 (Prop_lut6_I5_O)        0.124     6.481 r  TRNG_BOCK_i/ps7_0_axi_periph/s00_couplers/auto_pc/inst/gen_axilite.gen_b2s_conv.axilite_b2s/WR.b_channel_0/bid_fifo_0/memory_reg[3][0]_srl4_i_1__0/O
                         net (fo=4, routed)           0.808     7.289    TRNG_BOCK_i/ps7_0_axi_periph/s00_couplers/auto_pc/inst/gen_axilite.gen_b2s_conv.axilite_b2s/WR.b_channel_0/bresp_fifo_0/sel
    SLICE_X30Y99         LUT4 (Prop_lut4_I3_O)        0.116     7.405 r  TRNG_BOCK_i/ps7_0_axi_periph/s00_couplers/auto_pc/inst/gen_axilite.gen_b2s_conv.axilite_b2s/WR.b_channel_0/bresp_fifo_0/cnt_read[1]_i_1__0/O
                         net (fo=1, routed)           0.382     7.787    TRNG_BOCK_i/ps7_0_axi_periph/s00_couplers/auto_pc/inst/gen_axilite.gen_b2s_conv.axilite_b2s/WR.b_channel_0/bresp_fifo_0/cnt_read[1]_i_1__0_n_0
    SLICE_X30Y99         FDSE                                         r  TRNG_BOCK_i/ps7_0_axi_periph/s00_couplers/auto_pc/inst/gen_axilite.gen_b2s_conv.axilite_b2s/WR.b_channel_0/bresp_fifo_0/cnt_read_reg[1]/D
  -------------------------------------------------------------------    -------------------

                         (clock clk_fpga_0 rise edge)
                                                     10.000    10.000 r  
    PS7_X0Y0             PS7                          0.000    10.000 r  TRNG_BOCK_i/processing_system7_0/inst/PS7_i/FCLKCLK[0]
                         net (fo=1, routed)           1.088    11.088    TRNG_BOCK_i/processing_system7_0/inst/FCLK_CLK_unbuffered[0]
    BUFGCTRL_X0Y16       BUFG (Prop_bufg_I_O)         0.091    11.179 r  TRNG_BOCK_i/processing_system7_0/inst/buffer_fclk_clk_0.FCLK_CLK_0_BUFG/O
                         net (fo=712, routed)         1.526    12.705    TRNG_BOCK_i/ps7_0_axi_periph/s00_couplers/auto_pc/inst/gen_axilite.gen_b2s_conv.axilite_b2s/WR.b_channel_0/bresp_fifo_0/aclk
    SLICE_X30Y99         FDSE                                         r  TRNG_BOCK_i/ps7_0_axi_periph/s00_couplers/auto_pc/inst/gen_axilite.gen_b2s_conv.axilite_b2s/WR.b_channel_0/bresp_fifo_0/cnt_read_reg[1]/C
                         clock pessimism              0.267    12.972    
                         clock uncertainty           -0.154    12.818    
    SLICE_X30Y99         FDSE (Setup_fdse_C_D)       -0.234    12.584    TRNG_BOCK_i/ps7_0_axi_periph/s00_couplers/auto_pc/inst/gen_axilite.gen_b2s_conv.axilite_b2s/WR.b_channel_0/bresp_fifo_0/cnt_read_reg[1]
  -------------------------------------------------------------------
                         required time                         12.584    
                         arrival time                          -7.787    
  -------------------------------------------------------------------
                         slack                                  4.796    

Slack (MET) :             5.025ns  (required time - arrival time)
  Source:                 TRNG_BOCK_i/ps7_0_axi_periph/s00_couplers/auto_pc/inst/gen_axilite.gen_b2s_conv.axilite_b2s/RD.r_channel_0/rd_data_fifo_0/cnt_read_reg[2]_rep__2/C
                            (rising edge-triggered cell FDSE clocked by clk_fpga_0  {rise@0.000ns fall@5.000ns period=10.000ns})
  Destination:            TRNG_BOCK_i/ps7_0_axi_periph/s00_couplers/auto_pc/inst/gen_axilite.gen_b2s_conv.axilite_b2s/RD.r_channel_0/rd_data_fifo_0/cnt_read_reg[2]_rep/D
                            (rising edge-triggered cell FDSE clocked by clk_fpga_0  {rise@0.000ns fall@5.000ns period=10.000ns})
  Path Group:             clk_fpga_0
  Path Type:              Setup (Max at Slow Process Corner)
  Requirement:            10.000ns  (clk_fpga_0 rise@10.000ns - clk_fpga_0 rise@0.000ns)
  Data Path Delay:        4.736ns  (logic 1.090ns (23.014%)  route 3.646ns (76.986%))
  Logic Levels:           4  (LUT2=1 LUT3=1 LUT5=1 LUT6=1)
  Clock Path Skew:        -0.023ns (DCD - SCD + CPR)
    Destination Clock Delay (DCD):    2.704ns = ( 12.704 - 10.000 ) 
    Source Clock Delay      (SCD):    2.991ns
    Clock Pessimism Removal (CPR):    0.264ns
  Clock Uncertainty:      0.154ns  ((TSJ^2 + TIJ^2)^1/2 + DJ) / 2 + PE
    Total System Jitter     (TSJ):    0.071ns
    Total Input Jitter      (TIJ):    0.300ns
    Discrete Jitter          (DJ):    0.000ns
    Phase Error              (PE):    0.000ns

    Location             Delay type                Incr(ns)  Path(ns)    Netlist Resource(s)
  -------------------------------------------------------------------    -------------------
                         (clock clk_fpga_0 rise edge)
                                                      0.000     0.000 r  
    PS7_X0Y0             PS7                          0.000     0.000 r  TRNG_BOCK_i/processing_system7_0/inst/PS7_i/FCLKCLK[0]
                         net (fo=1, routed)           1.193     1.193    TRNG_BOCK_i/processing_system7_0/inst/FCLK_CLK_unbuffered[0]
    BUFGCTRL_X0Y16       BUFG (Prop_bufg_I_O)         0.101     1.294 r  TRNG_BOCK_i/processing_system7_0/inst/buffer_fclk_clk_0.FCLK_CLK_0_BUFG/O
                         net (fo=712, routed)         1.697     2.991    TRNG_BOCK_i/ps7_0_axi_periph/s00_couplers/auto_pc/inst/gen_axilite.gen_b2s_conv.axilite_b2s/RD.r_channel_0/rd_data_fifo_0/aclk
    SLICE_X31Y90         FDSE                                         r  TRNG_BOCK_i/ps7_0_axi_periph/s00_couplers/auto_pc/inst/gen_axilite.gen_b2s_conv.axilite_b2s/RD.r_channel_0/rd_data_fifo_0/cnt_read_reg[2]_rep__2/C
  -------------------------------------------------------------------    -------------------
    SLICE_X31Y90         FDSE (Prop_fdse_C_Q)         0.419     3.410 f  TRNG_BOCK_i/ps7_0_axi_periph/s00_couplers/auto_pc/inst/gen_axilite.gen_b2s_conv.axilite_b2s/RD.r_channel_0/rd_data_fifo_0/cnt_read_reg[2]_rep__2/Q
                         net (fo=8, routed)           0.859     4.269    TRNG_BOCK_i/ps7_0_axi_periph/s00_couplers/auto_pc/inst/gen_axilite.gen_b2s_conv.axilite_b2s/RD.r_channel_0/rd_data_fifo_0/cnt_read_reg[2]_rep__2_n_0
    SLICE_X31Y88         LUT3 (Prop_lut3_I2_O)        0.299     4.568 r  TRNG_BOCK_i/ps7_0_axi_periph/s00_couplers/auto_pc/inst/gen_axilite.gen_b2s_conv.axilite_b2s/RD.r_channel_0/rd_data_fifo_0/cnt_read[4]_i_2__0/O
                         net (fo=2, routed)           0.485     5.053    TRNG_BOCK_i/ps7_0_axi_periph/s00_couplers/auto_pc/inst/gen_axilite.gen_b2s_conv.axilite_b2s/RD.r_channel_0/transaction_fifo_0/cnt_read_reg[0]_rep__3
    SLICE_X29Y87         LUT6 (Prop_lut6_I5_O)        0.124     5.177 f  TRNG_BOCK_i/ps7_0_axi_periph/s00_couplers/auto_pc/inst/gen_axilite.gen_b2s_conv.axilite_b2s/RD.r_channel_0/transaction_fifo_0/m_valid_i_i_2/O
                         net (fo=6, routed)           0.734     5.912    TRNG_BOCK_i/ps7_0_axi_periph/s00_couplers/auto_pc/inst/gen_axilite.gen_b2s_conv.axilite_b2s/SI_REG/r.r_pipe/cnt_read_reg[4]_rep__0
    SLICE_X31Y91         LUT2 (Prop_lut2_I1_O)        0.124     6.036 r  TRNG_BOCK_i/ps7_0_axi_periph/s00_couplers/auto_pc/inst/gen_axilite.gen_b2s_conv.axilite_b2s/SI_REG/r.r_pipe/cnt_read[4]_i_4/O
                         net (fo=9, routed)           0.594     6.629    TRNG_BOCK_i/ps7_0_axi_periph/s00_couplers/auto_pc/inst/gen_axilite.gen_b2s_conv.axilite_b2s/RD.r_channel_0/rd_data_fifo_0/s_ready_i_reg
    SLICE_X29Y88         LUT5 (Prop_lut5_I4_O)        0.124     6.753 r  TRNG_BOCK_i/ps7_0_axi_periph/s00_couplers/auto_pc/inst/gen_axilite.gen_b2s_conv.axilite_b2s/RD.r_channel_0/rd_data_fifo_0/cnt_read[2]_i_1/O
                         net (fo=5, routed)           0.974     7.727    TRNG_BOCK_i/ps7_0_axi_periph/s00_couplers/auto_pc/inst/gen_axilite.gen_b2s_conv.axilite_b2s/RD.r_channel_0/rd_data_fifo_0/cnt_read[2]_i_1_n_0
    SLICE_X29Y93         FDSE                                         r  TRNG_BOCK_i/ps7_0_axi_periph/s00_couplers/auto_pc/inst/gen_axilite.gen_b2s_conv.axilite_b2s/RD.r_channel_0/rd_data_fifo_0/cnt_read_reg[2]_rep/D
  -------------------------------------------------------------------    -------------------

                         (clock clk_fpga_0 rise edge)
                                                     10.000    10.000 r  
    PS7_X0Y0             PS7                          0.000    10.000 r  TRNG_BOCK_i/processing_system7_0/inst/PS7_i/FCLKCLK[0]
                         net (fo=1, routed)           1.088    11.088    TRNG_BOCK_i/processing_system7_0/inst/FCLK_CLK_unbuffered[0]
    BUFGCTRL_X0Y16       BUFG (Prop_bufg_I_O)         0.091    11.179 r  TRNG_BOCK_i/processing_system7_0/inst/buffer_fclk_clk_0.FCLK_CLK_0_BUFG/O
                         net (fo=712, routed)         1.525    12.704    TRNG_BOCK_i/ps7_0_axi_periph/s00_couplers/auto_pc/inst/gen_axilite.gen_b2s_conv.axilite_b2s/RD.r_channel_0/rd_data_fifo_0/aclk
    SLICE_X29Y93         FDSE                                         r  TRNG_BOCK_i/ps7_0_axi_periph/s00_couplers/auto_pc/inst/gen_axilite.gen_b2s_conv.axilite_b2s/RD.r_channel_0/rd_data_fifo_0/cnt_read_reg[2]_rep/C
                         clock pessimism              0.264    12.968    
                         clock uncertainty           -0.154    12.814    
    SLICE_X29Y93         FDSE (Setup_fdse_C_D)       -0.062    12.752    TRNG_BOCK_i/ps7_0_axi_periph/s00_couplers/auto_pc/inst/gen_axilite.gen_b2s_conv.axilite_b2s/RD.r_channel_0/rd_data_fifo_0/cnt_read_reg[2]_rep
  -------------------------------------------------------------------
                         required time                         12.752    
                         arrival time                          -7.727    
  -------------------------------------------------------------------
                         slack                                  5.025    

Slack (MET) :             5.055ns  (required time - arrival time)
  Source:                 TRNG_BOCK_i/ps7_0_axi_periph/s00_couplers/auto_pc/inst/gen_axilite.gen_b2s_conv.axilite_b2s/RD.r_channel_0/rd_data_fifo_0/cnt_read_reg[2]_rep__2/C
                            (rising edge-triggered cell FDSE clocked by clk_fpga_0  {rise@0.000ns fall@5.000ns period=10.000ns})
  Destination:            TRNG_BOCK_i/ps7_0_axi_periph/s00_couplers/auto_pc/inst/gen_axilite.gen_b2s_conv.axilite_b2s/RD.r_channel_0/transaction_fifo_0/cnt_read_reg[1]_rep__0/D
                            (rising edge-triggered cell FDSE clocked by clk_fpga_0  {rise@0.000ns fall@5.000ns period=10.000ns})
  Path Group:             clk_fpga_0
  Path Type:              Setup (Max at Slow Process Corner)
  Requirement:            10.000ns  (clk_fpga_0 rise@10.000ns - clk_fpga_0 rise@0.000ns)
  Data Path Delay:        4.442ns  (logic 1.116ns (25.126%)  route 3.326ns (74.874%))
  Logic Levels:           4  (LUT2=1 LUT3=1 LUT4=1 LUT6=1)
  Clock Path Skew:        -0.027ns (DCD - SCD + CPR)
    Destination Clock Delay (DCD):    2.700ns = ( 12.700 - 10.000 ) 
    Source Clock Delay      (SCD):    2.991ns
    Clock Pessimism Removal (CPR):    0.264ns
  Clock Uncertainty:      0.154ns  ((TSJ^2 + TIJ^2)^1/2 + DJ) / 2 + PE
    Total System Jitter     (TSJ):    0.071ns
    Total Input Jitter      (TIJ):    0.300ns
    Discrete Jitter          (DJ):    0.000ns
    Phase Error              (PE):    0.000ns

    Location             Delay type                Incr(ns)  Path(ns)    Netlist Resource(s)
  -------------------------------------------------------------------    -------------------
                         (clock clk_fpga_0 rise edge)
                                                      0.000     0.000 r  
    PS7_X0Y0             PS7                          0.000     0.000 r  TRNG_BOCK_i/processing_system7_0/inst/PS7_i/FCLKCLK[0]
                         net (fo=1, routed)           1.193     1.193    TRNG_BOCK_i/processing_system7_0/inst/FCLK_CLK_unbuffered[0]
    BUFGCTRL_X0Y16       BUFG (Prop_bufg_I_O)         0.101     1.294 r  TRNG_BOCK_i/processing_system7_0/inst/buffer_fclk_clk_0.FCLK_CLK_0_BUFG/O
                         net (fo=712, routed)         1.697     2.991    TRNG_BOCK_i/ps7_0_axi_periph/s00_couplers/auto_pc/inst/gen_axilite.gen_b2s_conv.axilite_b2s/RD.r_channel_0/rd_data_fifo_0/aclk
    SLICE_X31Y90         FDSE                                         r  TRNG_BOCK_i/ps7_0_axi_periph/s00_couplers/auto_pc/inst/gen_axilite.gen_b2s_conv.axilite_b2s/RD.r_channel_0/rd_data_fifo_0/cnt_read_reg[2]_rep__2/C
  -------------------------------------------------------------------    -------------------
    SLICE_X31Y90         FDSE (Prop_fdse_C_Q)         0.419     3.410 f  TRNG_BOCK_i/ps7_0_axi_periph/s00_couplers/auto_pc/inst/gen_axilite.gen_b2s_conv.axilite_b2s/RD.r_channel_0/rd_data_fifo_0/cnt_read_reg[2]_rep__2/Q
                         net (fo=8, routed)           0.859     4.269    TRNG_BOCK_i/ps7_0_axi_periph/s00_couplers/auto_pc/inst/gen_axilite.gen_b2s_conv.axilite_b2s/RD.r_channel_0/rd_data_fifo_0/cnt_read_reg[2]_rep__2_n_0
    SLICE_X31Y88         LUT3 (Prop_lut3_I2_O)        0.299     4.568 r  TRNG_BOCK_i/ps7_0_axi_periph/s00_couplers/auto_pc/inst/gen_axilite.gen_b2s_conv.axilite_b2s/RD.r_channel_0/rd_data_fifo_0/cnt_read[4]_i_2__0/O
                         net (fo=2, routed)           0.485     5.053    TRNG_BOCK_i/ps7_0_axi_periph/s00_couplers/auto_pc/inst/gen_axilite.gen_b2s_conv.axilite_b2s/RD.r_channel_0/transaction_fifo_0/cnt_read_reg[0]_rep__3
    SLICE_X29Y87         LUT6 (Prop_lut6_I5_O)        0.124     5.177 f  TRNG_BOCK_i/ps7_0_axi_periph/s00_couplers/auto_pc/inst/gen_axilite.gen_b2s_conv.axilite_b2s/RD.r_channel_0/transaction_fifo_0/m_valid_i_i_2/O
                         net (fo=6, routed)           0.734     5.912    TRNG_BOCK_i/ps7_0_axi_periph/s00_couplers/auto_pc/inst/gen_axilite.gen_b2s_conv.axilite_b2s/SI_REG/r.r_pipe/cnt_read_reg[4]_rep__0
    SLICE_X31Y91         LUT2 (Prop_lut2_I1_O)        0.124     6.036 r  TRNG_BOCK_i/ps7_0_axi_periph/s00_couplers/auto_pc/inst/gen_axilite.gen_b2s_conv.axilite_b2s/SI_REG/r.r_pipe/cnt_read[4]_i_4/O
                         net (fo=9, routed)           0.743     6.779    TRNG_BOCK_i/ps7_0_axi_periph/s00_couplers/auto_pc/inst/gen_axilite.gen_b2s_conv.axilite_b2s/RD.r_channel_0/transaction_fifo_0/s_ready_i_reg
    SLICE_X31Y87         LUT4 (Prop_lut4_I1_O)        0.150     6.929 r  TRNG_BOCK_i/ps7_0_axi_periph/s00_couplers/auto_pc/inst/gen_axilite.gen_b2s_conv.axilite_b2s/RD.r_channel_0/transaction_fifo_0/cnt_read[1]_i_1__1/O
                         net (fo=3, routed)           0.504     7.433    TRNG_BOCK_i/ps7_0_axi_periph/s00_couplers/auto_pc/inst/gen_axilite.gen_b2s_conv.axilite_b2s/RD.r_channel_0/transaction_fifo_0/cnt_read[1]_i_1__1_n_0
    SLICE_X31Y87         FDSE                                         r  TRNG_BOCK_i/ps7_0_axi_periph/s00_couplers/auto_pc/inst/gen_axilite.gen_b2s_conv.axilite_b2s/RD.r_channel_0/transaction_fifo_0/cnt_read_reg[1]_rep__0/D
  -------------------------------------------------------------------    -------------------

                         (clock clk_fpga_0 rise edge)
                                                     10.000    10.000 r  
    PS7_X0Y0             PS7                          0.000    10.000 r  TRNG_BOCK_i/processing_system7_0/inst/PS7_i/FCLKCLK[0]
                         net (fo=1, routed)           1.088    11.088    TRNG_BOCK_i/processing_system7_0/inst/FCLK_CLK_unbuffered[0]
    BUFGCTRL_X0Y16       BUFG (Prop_bufg_I_O)         0.091    11.179 r  TRNG_BOCK_i/processing_system7_0/inst/buffer_fclk_clk_0.FCLK_CLK_0_BUFG/O
                         net (fo=712, routed)         1.521    12.700    TRNG_BOCK_i/ps7_0_axi_periph/s00_couplers/auto_pc/inst/gen_axilite.gen_b2s_conv.axilite_b2s/RD.r_channel_0/transaction_fifo_0/aclk
    SLICE_X31Y87         FDSE                                         r  TRNG_BOCK_i/ps7_0_axi_periph/s00_couplers/auto_pc/inst/gen_axilite.gen_b2s_conv.axilite_b2s/RD.r_channel_0/transaction_fifo_0/cnt_read_reg[1]_rep__0/C
                         clock pessimism              0.264    12.964    
                         clock uncertainty           -0.154    12.810    
    SLICE_X31Y87         FDSE (Setup_fdse_C_D)       -0.322    12.488    TRNG_BOCK_i/ps7_0_axi_periph/s00_couplers/auto_pc/inst/gen_axilite.gen_b2s_conv.axilite_b2s/RD.r_channel_0/transaction_fifo_0/cnt_read_reg[1]_rep__0
  -------------------------------------------------------------------
                         required time                         12.488    
                         arrival time                          -7.433    
  -------------------------------------------------------------------
                         slack                                  5.055    

Slack (MET) :             5.073ns  (required time - arrival time)
  Source:                 TRNG_BOCK_i/ps7_0_axi_periph/s00_couplers/auto_pc/inst/gen_axilite.gen_b2s_conv.axilite_b2s/RD.r_channel_0/rd_data_fifo_0/cnt_read_reg[2]_rep__2/C
                            (rising edge-triggered cell FDSE clocked by clk_fpga_0  {rise@0.000ns fall@5.000ns period=10.000ns})
  Destination:            TRNG_BOCK_i/ps7_0_axi_periph/s00_couplers/auto_pc/inst/gen_axilite.gen_b2s_conv.axilite_b2s/RD.r_channel_0/rd_data_fifo_0/cnt_read_reg[1]_rep__0/D
                            (rising edge-triggered cell FDSE clocked by clk_fpga_0  {rise@0.000ns fall@5.000ns period=10.000ns})
  Path Group:             clk_fpga_0
  Path Type:              Setup (Max at Slow Process Corner)
  Requirement:            10.000ns  (clk_fpga_0 rise@10.000ns - clk_fpga_0 rise@0.000ns)
  Data Path Delay:        4.440ns  (logic 1.084ns (24.416%)  route 3.356ns (75.584%))
  Logic Levels:           4  (LUT2=1 LUT3=1 LUT4=1 LUT6=1)
  Clock Path Skew:        -0.026ns (DCD - SCD + CPR)
    Destination Clock Delay (DCD):    2.701ns = ( 12.701 - 10.000 ) 
    Source Clock Delay      (SCD):    2.991ns
    Clock Pessimism Removal (CPR):    0.264ns
  Clock Uncertainty:      0.154ns  ((TSJ^2 + TIJ^2)^1/2 + DJ) / 2 + PE
    Total System Jitter     (TSJ):    0.071ns
    Total Input Jitter      (TIJ):    0.300ns
    Discrete Jitter          (DJ):    0.000ns
    Phase Error              (PE):    0.000ns

    Location             Delay type                Incr(ns)  Path(ns)    Netlist Resource(s)
  -------------------------------------------------------------------    -------------------
                         (clock clk_fpga_0 rise edge)
                                                      0.000     0.000 r  
    PS7_X0Y0             PS7                          0.000     0.000 r  TRNG_BOCK_i/processing_system7_0/inst/PS7_i/FCLKCLK[0]
                         net (fo=1, routed)           1.193     1.193    TRNG_BOCK_i/processing_system7_0/inst/FCLK_CLK_unbuffered[0]
    BUFGCTRL_X0Y16       BUFG (Prop_bufg_I_O)         0.101     1.294 r  TRNG_BOCK_i/processing_system7_0/inst/buffer_fclk_clk_0.FCLK_CLK_0_BUFG/O
                         net (fo=712, routed)         1.697     2.991    TRNG_BOCK_i/ps7_0_axi_periph/s00_couplers/auto_pc/inst/gen_axilite.gen_b2s_conv.axilite_b2s/RD.r_channel_0/rd_data_fifo_0/aclk
    SLICE_X31Y90         FDSE                                         r  TRNG_BOCK_i/ps7_0_axi_periph/s00_couplers/auto_pc/inst/gen_axilite.gen_b2s_conv.axilite_b2s/RD.r_channel_0/rd_data_fifo_0/cnt_read_reg[2]_rep__2/C
  -------------------------------------------------------------------    -------------------
    SLICE_X31Y90         FDSE (Prop_fdse_C_Q)         0.419     3.410 f  TRNG_BOCK_i/ps7_0_axi_periph/s00_couplers/auto_pc/inst/gen_axilite.gen_b2s_conv.axilite_b2s/RD.r_channel_0/rd_data_fifo_0/cnt_read_reg[2]_rep__2/Q
                         net (fo=8, routed)           0.859     4.269    TRNG_BOCK_i/ps7_0_axi_periph/s00_couplers/auto_pc/inst/gen_axilite.gen_b2s_conv.axilite_b2s/RD.r_channel_0/rd_data_fifo_0/cnt_read_reg[2]_rep__2_n_0
    SLICE_X31Y88         LUT3 (Prop_lut3_I2_O)        0.299     4.568 r  TRNG_BOCK_i/ps7_0_axi_periph/s00_couplers/auto_pc/inst/gen_axilite.gen_b2s_conv.axilite_b2s/RD.r_channel_0/rd_data_fifo_0/cnt_read[4]_i_2__0/O
                         net (fo=2, routed)           0.485     5.053    TRNG_BOCK_i/ps7_0_axi_periph/s00_couplers/auto_pc/inst/gen_axilite.gen_b2s_conv.axilite_b2s/RD.r_channel_0/transaction_fifo_0/cnt_read_reg[0]_rep__3
    SLICE_X29Y87         LUT6 (Prop_lut6_I5_O)        0.124     5.177 f  TRNG_BOCK_i/ps7_0_axi_periph/s00_couplers/auto_pc/inst/gen_axilite.gen_b2s_conv.axilite_b2s/RD.r_channel_0/transaction_fifo_0/m_valid_i_i_2/O
                         net (fo=6, routed)           0.734     5.912    TRNG_BOCK_i/ps7_0_axi_periph/s00_couplers/auto_pc/inst/gen_axilite.gen_b2s_conv.axilite_b2s/SI_REG/r.r_pipe/cnt_read_reg[4]_rep__0
    SLICE_X31Y91         LUT2 (Prop_lut2_I1_O)        0.124     6.036 r  TRNG_BOCK_i/ps7_0_axi_periph/s00_couplers/auto_pc/inst/gen_axilite.gen_b2s_conv.axilite_b2s/SI_REG/r.r_pipe/cnt_read[4]_i_4/O
                         net (fo=9, routed)           0.594     6.629    TRNG_BOCK_i/ps7_0_axi_periph/s00_couplers/auto_pc/inst/gen_axilite.gen_b2s_conv.axilite_b2s/RD.r_channel_0/rd_data_fifo_0/s_ready_i_reg
    SLICE_X29Y88         LUT4 (Prop_lut4_I2_O)        0.118     6.747 r  TRNG_BOCK_i/ps7_0_axi_periph/s00_couplers/auto_pc/inst/gen_axilite.gen_b2s_conv.axilite_b2s/RD.r_channel_0/rd_data_fifo_0/cnt_read[1]_i_1__2/O
                         net (fo=5, routed)           0.683     7.431    TRNG_BOCK_i/ps7_0_axi_periph/s00_couplers/auto_pc/inst/gen_axilite.gen_b2s_conv.axilite_b2s/RD.r_channel_0/rd_data_fifo_0/cnt_read[1]_i_1__2_n_0
    SLICE_X29Y88         FDSE                                         r  TRNG_BOCK_i/ps7_0_axi_periph/s00_couplers/auto_pc/inst/gen_axilite.gen_b2s_conv.axilite_b2s/RD.r_channel_0/rd_data_fifo_0/cnt_read_reg[1]_rep__0/D
  -------------------------------------------------------------------    -------------------

                         (clock clk_fpga_0 rise edge)
                                                     10.000    10.000 r  
    PS7_X0Y0             PS7                          0.000    10.000 r  TRNG_BOCK_i/processing_system7_0/inst/PS7_i/FCLKCLK[0]
                         net (fo=1, routed)           1.088    11.088    TRNG_BOCK_i/processing_system7_0/inst/FCLK_CLK_unbuffered[0]
    BUFGCTRL_X0Y16       BUFG (Prop_bufg_I_O)         0.091    11.179 r  TRNG_BOCK_i/processing_system7_0/inst/buffer_fclk_clk_0.FCLK_CLK_0_BUFG/O
                         net (fo=712, routed)         1.522    12.701    TRNG_BOCK_i/ps7_0_axi_periph/s00_couplers/auto_pc/inst/gen_axilite.gen_b2s_conv.axilite_b2s/RD.r_channel_0/rd_data_fifo_0/aclk
    SLICE_X29Y88         FDSE                                         r  TRNG_BOCK_i/ps7_0_axi_periph/s00_couplers/auto_pc/inst/gen_axilite.gen_b2s_conv.axilite_b2s/RD.r_channel_0/rd_data_fifo_0/cnt_read_reg[1]_rep__0/C
                         clock pessimism              0.264    12.965    
                         clock uncertainty           -0.154    12.811    
    SLICE_X29Y88         FDSE (Setup_fdse_C_D)       -0.307    12.504    TRNG_BOCK_i/ps7_0_axi_periph/s00_couplers/auto_pc/inst/gen_axilite.gen_b2s_conv.axilite_b2s/RD.r_channel_0/rd_data_fifo_0/cnt_read_reg[1]_rep__0
  -------------------------------------------------------------------
                         required time                         12.504    
                         arrival time                          -7.431    
  -------------------------------------------------------------------
                         slack                                  5.073    

Slack (MET) :             5.106ns  (required time - arrival time)
  Source:                 TRNG_BOCK_i/ps7_0_axi_periph/s00_couplers/auto_pc/inst/gen_axilite.gen_b2s_conv.axilite_b2s/SI_REG/ar.ar_pipe/m_valid_i_reg/C
                            (rising edge-triggered cell FDRE clocked by clk_fpga_0  {rise@0.000ns fall@5.000ns period=10.000ns})
  Destination:            TRNG_BOCK_i/ps7_0_axi_periph/s00_couplers/auto_pc/inst/gen_axilite.gen_b2s_conv.axilite_b2s/RD.ar_channel_0/cmd_translator_0/wrap_cmd_0/wrap_cnt_r_reg[3]/D
                            (rising edge-triggered cell FDRE clocked by clk_fpga_0  {rise@0.000ns fall@5.000ns period=10.000ns})
  Path Group:             clk_fpga_0
  Path Type:              Setup (Max at Slow Process Corner)
  Requirement:            10.000ns  (clk_fpga_0 rise@10.000ns - clk_fpga_0 rise@0.000ns)
  Data Path Delay:        4.707ns  (logic 1.061ns (22.541%)  route 3.646ns (77.459%))
  Logic Levels:           3  (LUT3=2 LUT6=1)
  Clock Path Skew:        -0.110ns (DCD - SCD + CPR)
    Destination Clock Delay (DCD):    2.650ns = ( 12.650 - 10.000 ) 
    Source Clock Delay      (SCD):    2.989ns
    Clock Pessimism Removal (CPR):    0.229ns
  Clock Uncertainty:      0.154ns  ((TSJ^2 + TIJ^2)^1/2 + DJ) / 2 + PE
    Total System Jitter     (TSJ):    0.071ns
    Total Input Jitter      (TIJ):    0.300ns
    Discrete Jitter          (DJ):    0.000ns
    Phase Error              (PE):    0.000ns

    Location             Delay type                Incr(ns)  Path(ns)    Netlist Resource(s)
  -------------------------------------------------------------------    -------------------
                         (clock clk_fpga_0 rise edge)
                                                      0.000     0.000 r  
    PS7_X0Y0             PS7                          0.000     0.000 r  TRNG_BOCK_i/processing_system7_0/inst/PS7_i/FCLKCLK[0]
                         net (fo=1, routed)           1.193     1.193    TRNG_BOCK_i/processing_system7_0/inst/FCLK_CLK_unbuffered[0]
    BUFGCTRL_X0Y16       BUFG (Prop_bufg_I_O)         0.101     1.294 r  TRNG_BOCK_i/processing_system7_0/inst/buffer_fclk_clk_0.FCLK_CLK_0_BUFG/O
                         net (fo=712, routed)         1.695     2.989    TRNG_BOCK_i/ps7_0_axi_periph/s00_couplers/auto_pc/inst/gen_axilite.gen_b2s_conv.axilite_b2s/SI_REG/ar.ar_pipe/aclk
    SLICE_X28Y87         FDRE                                         r  TRNG_BOCK_i/ps7_0_axi_periph/s00_couplers/auto_pc/inst/gen_axilite.gen_b2s_conv.axilite_b2s/SI_REG/ar.ar_pipe/m_valid_i_reg/C
  -------------------------------------------------------------------    -------------------
    SLICE_X28Y87         FDRE (Prop_fdre_C_Q)         0.456     3.445 f  TRNG_BOCK_i/ps7_0_axi_periph/s00_couplers/auto_pc/inst/gen_axilite.gen_b2s_conv.axilite_b2s/SI_REG/ar.ar_pipe/m_valid_i_reg/Q
                         net (fo=22, routed)          0.877     4.322    TRNG_BOCK_i/ps7_0_axi_periph/s00_couplers/auto_pc/inst/gen_axilite.gen_b2s_conv.axilite_b2s/RD.ar_channel_0/ar_cmd_fsm_0/si_rs_arvalid
    SLICE_X28Y86         LUT3 (Prop_lut3_I1_O)        0.154     4.476 f  TRNG_BOCK_i/ps7_0_axi_periph/s00_couplers/auto_pc/inst/gen_axilite.gen_b2s_conv.axilite_b2s/RD.ar_channel_0/ar_cmd_fsm_0/wrap_boundary_axaddr_r[11]_i_1__0/O
                         net (fo=21, routed)          1.937     6.413    TRNG_BOCK_i/ps7_0_axi_periph/s00_couplers/auto_pc/inst/gen_axilite.gen_b2s_conv.axilite_b2s/SI_REG/ar.ar_pipe/state_reg[1]_rep
    SLICE_X32Y83         LUT6 (Prop_lut6_I4_O)        0.327     6.740 r  TRNG_BOCK_i/ps7_0_axi_periph/s00_couplers/auto_pc/inst/gen_axilite.gen_b2s_conv.axilite_b2s/SI_REG/ar.ar_pipe/wrap_second_len_r[3]_i_1__0/O
                         net (fo=2, routed)           0.832     7.572    TRNG_BOCK_i/ps7_0_axi_periph/s00_couplers/auto_pc/inst/gen_axilite.gen_b2s_conv.axilite_b2s/SI_REG/ar.ar_pipe/wrap_second_len_r_reg[3][2]
    SLICE_X32Y82         LUT3 (Prop_lut3_I0_O)        0.124     7.696 r  TRNG_BOCK_i/ps7_0_axi_periph/s00_couplers/auto_pc/inst/gen_axilite.gen_b2s_conv.axilite_b2s/SI_REG/ar.ar_pipe/wrap_cnt_r[3]_i_1__0/O
                         net (fo=1, routed)           0.000     7.696    TRNG_BOCK_i/ps7_0_axi_periph/s00_couplers/auto_pc/inst/gen_axilite.gen_b2s_conv.axilite_b2s/RD.ar_channel_0/cmd_translator_0/wrap_cmd_0/wrap_second_len_r_reg[3]_2[2]
    SLICE_X32Y82         FDRE                                         r  TRNG_BOCK_i/ps7_0_axi_periph/s00_couplers/auto_pc/inst/gen_axilite.gen_b2s_conv.axilite_b2s/RD.ar_channel_0/cmd_translator_0/wrap_cmd_0/wrap_cnt_r_reg[3]/D
  -------------------------------------------------------------------    -------------------

                         (clock clk_fpga_0 rise edge)
                                                     10.000    10.000 r  
    PS7_X0Y0             PS7                          0.000    10.000 r  TRNG_BOCK_i/processing_system7_0/inst/PS7_i/FCLKCLK[0]
                         net (fo=1, routed)           1.088    11.088    TRNG_BOCK_i/processing_system7_0/inst/FCLK_CLK_unbuffered[0]
    BUFGCTRL_X0Y16       BUFG (Prop_bufg_I_O)         0.091    11.179 r  TRNG_BOCK_i/processing_system7_0/inst/buffer_fclk_clk_0.FCLK_CLK_0_BUFG/O
                         net (fo=712, routed)         1.471    12.650    TRNG_BOCK_i/ps7_0_axi_periph/s00_couplers/auto_pc/inst/gen_axilite.gen_b2s_conv.axilite_b2s/RD.ar_channel_0/cmd_translator_0/wrap_cmd_0/aclk
    SLICE_X32Y82         FDRE                                         r  TRNG_BOCK_i/ps7_0_axi_periph/s00_couplers/auto_pc/inst/gen_axilite.gen_b2s_conv.axilite_b2s/RD.ar_channel_0/cmd_translator_0/wrap_cmd_0/wrap_cnt_r_reg[3]/C
                         clock pessimism              0.229    12.879    
                         clock uncertainty           -0.154    12.725    
    SLICE_X32Y82         FDRE (Setup_fdre_C_D)        0.077    12.802    TRNG_BOCK_i/ps7_0_axi_periph/s00_couplers/auto_pc/inst/gen_axilite.gen_b2s_conv.axilite_b2s/RD.ar_channel_0/cmd_translator_0/wrap_cmd_0/wrap_cnt_r_reg[3]
  -------------------------------------------------------------------
                         required time                         12.802    
                         arrival time                          -7.696    
  -------------------------------------------------------------------
                         slack                                  5.106    

Slack (MET) :             5.125ns  (required time - arrival time)
  Source:                 TRNG_BOCK_i/ps7_0_axi_periph/s00_couplers/auto_pc/inst/gen_axilite.gen_b2s_conv.axilite_b2s/RD.r_channel_0/rd_data_fifo_0/cnt_read_reg[2]_rep__2/C
                            (rising edge-triggered cell FDSE clocked by clk_fpga_0  {rise@0.000ns fall@5.000ns period=10.000ns})
  Destination:            TRNG_BOCK_i/ps7_0_axi_periph/s00_couplers/auto_pc/inst/gen_axilite.gen_b2s_conv.axilite_b2s/RD.r_channel_0/rd_data_fifo_0/cnt_read_reg[3]_rep/D
                            (rising edge-triggered cell FDSE clocked by clk_fpga_0  {rise@0.000ns fall@5.000ns period=10.000ns})
  Path Group:             clk_fpga_0
  Path Type:              Setup (Max at Slow Process Corner)
  Requirement:            10.000ns  (clk_fpga_0 rise@10.000ns - clk_fpga_0 rise@0.000ns)
  Data Path Delay:        4.572ns  (logic 1.090ns (23.840%)  route 3.482ns (76.160%))
  Logic Levels:           4  (LUT2=1 LUT3=1 LUT6=2)
  Clock Path Skew:        -0.104ns (DCD - SCD + CPR)
    Destination Clock Delay (DCD):    2.658ns = ( 12.658 - 10.000 ) 
    Source Clock Delay      (SCD):    2.991ns
    Clock Pessimism Removal (CPR):    0.229ns
  Clock Uncertainty:      0.154ns  ((TSJ^2 + TIJ^2)^1/2 + DJ) / 2 + PE
    Total System Jitter     (TSJ):    0.071ns
    Total Input Jitter      (TIJ):    0.300ns
    Discrete Jitter          (DJ):    0.000ns
    Phase Error              (PE):    0.000ns

    Location             Delay type                Incr(ns)  Path(ns)    Netlist Resource(s)
  -------------------------------------------------------------------    -------------------
                         (clock clk_fpga_0 rise edge)
                                                      0.000     0.000 r  
    PS7_X0Y0             PS7                          0.000     0.000 r  TRNG_BOCK_i/processing_system7_0/inst/PS7_i/FCLKCLK[0]
                         net (fo=1, routed)           1.193     1.193    TRNG_BOCK_i/processing_system7_0/inst/FCLK_CLK_unbuffered[0]
    BUFGCTRL_X0Y16       BUFG (Prop_bufg_I_O)         0.101     1.294 r  TRNG_BOCK_i/processing_system7_0/inst/buffer_fclk_clk_0.FCLK_CLK_0_BUFG/O
                         net (fo=712, routed)         1.697     2.991    TRNG_BOCK_i/ps7_0_axi_periph/s00_couplers/auto_pc/inst/gen_axilite.gen_b2s_conv.axilite_b2s/RD.r_channel_0/rd_data_fifo_0/aclk
    SLICE_X31Y90         FDSE                                         r  TRNG_BOCK_i/ps7_0_axi_periph/s00_couplers/auto_pc/inst/gen_axilite.gen_b2s_conv.axilite_b2s/RD.r_channel_0/rd_data_fifo_0/cnt_read_reg[2]_rep__2/C
  -------------------------------------------------------------------    -------------------
    SLICE_X31Y90         FDSE (Prop_fdse_C_Q)         0.419     3.410 f  TRNG_BOCK_i/ps7_0_axi_periph/s00_couplers/auto_pc/inst/gen_axilite.gen_b2s_conv.axilite_b2s/RD.r_channel_0/rd_data_fifo_0/cnt_read_reg[2]_rep__2/Q
                         net (fo=8, routed)           0.859     4.269    TRNG_BOCK_i/ps7_0_axi_periph/s00_couplers/auto_pc/inst/gen_axilite.gen_b2s_conv.axilite_b2s/RD.r_channel_0/rd_data_fifo_0/cnt_read_reg[2]_rep__2_n_0
    SLICE_X31Y88         LUT3 (Prop_lut3_I2_O)        0.299     4.568 r  TRNG_BOCK_i/ps7_0_axi_periph/s00_couplers/auto_pc/inst/gen_axilite.gen_b2s_conv.axilite_b2s/RD.r_channel_0/rd_data_fifo_0/cnt_read[4]_i_2__0/O
                         net (fo=2, routed)           0.485     5.053    TRNG_BOCK_i/ps7_0_axi_periph/s00_couplers/auto_pc/inst/gen_axilite.gen_b2s_conv.axilite_b2s/RD.r_channel_0/transaction_fifo_0/cnt_read_reg[0]_rep__3
    SLICE_X29Y87         LUT6 (Prop_lut6_I5_O)        0.124     5.177 f  TRNG_BOCK_i/ps7_0_axi_periph/s00_couplers/auto_pc/inst/gen_axilite.gen_b2s_conv.axilite_b2s/RD.r_channel_0/transaction_fifo_0/m_valid_i_i_2/O
                         net (fo=6, routed)           0.734     5.912    TRNG_BOCK_i/ps7_0_axi_periph/s00_couplers/auto_pc/inst/gen_axilite.gen_b2s_conv.axilite_b2s/SI_REG/r.r_pipe/cnt_read_reg[4]_rep__0
    SLICE_X31Y91         LUT2 (Prop_lut2_I1_O)        0.124     6.036 r  TRNG_BOCK_i/ps7_0_axi_periph/s00_couplers/auto_pc/inst/gen_axilite.gen_b2s_conv.axilite_b2s/SI_REG/r.r_pipe/cnt_read[4]_i_4/O
                         net (fo=9, routed)           0.489     6.525    TRNG_BOCK_i/ps7_0_axi_periph/s00_couplers/auto_pc/inst/gen_axilite.gen_b2s_conv.axilite_b2s/RD.r_channel_0/rd_data_fifo_0/s_ready_i_reg
    SLICE_X30Y88         LUT6 (Prop_lut6_I4_O)        0.124     6.649 r  TRNG_BOCK_i/ps7_0_axi_periph/s00_couplers/auto_pc/inst/gen_axilite.gen_b2s_conv.axilite_b2s/RD.r_channel_0/rd_data_fifo_0/cnt_read[3]_i_1__0/O
                         net (fo=5, routed)           0.914     7.563    TRNG_BOCK_i/ps7_0_axi_periph/s00_couplers/auto_pc/inst/gen_axilite.gen_b2s_conv.axilite_b2s/RD.r_channel_0/rd_data_fifo_0/cnt_read[3]_i_1__0_n_0
    SLICE_X32Y95         FDSE                                         r  TRNG_BOCK_i/ps7_0_axi_periph/s00_couplers/auto_pc/inst/gen_axilite.gen_b2s_conv.axilite_b2s/RD.r_channel_0/rd_data_fifo_0/cnt_read_reg[3]_rep/D
  -------------------------------------------------------------------    -------------------

                         (clock clk_fpga_0 rise edge)
                                                     10.000    10.000 r  
    PS7_X0Y0             PS7                          0.000    10.000 r  TRNG_BOCK_i/processing_system7_0/inst/PS7_i/FCLKCLK[0]
                         net (fo=1, routed)           1.088    11.088    TRNG_BOCK_i/processing_system7_0/inst/FCLK_CLK_unbuffered[0]
    BUFGCTRL_X0Y16       BUFG (Prop_bufg_I_O)         0.091    11.179 r  TRNG_BOCK_i/processing_system7_0/inst/buffer_fclk_clk_0.FCLK_CLK_0_BUFG/O
                         net (fo=712, routed)         1.479    12.658    TRNG_BOCK_i/ps7_0_axi_periph/s00_couplers/auto_pc/inst/gen_axilite.gen_b2s_conv.axilite_b2s/RD.r_channel_0/rd_data_fifo_0/aclk
    SLICE_X32Y95         FDSE                                         r  TRNG_BOCK_i/ps7_0_axi_periph/s00_couplers/auto_pc/inst/gen_axilite.gen_b2s_conv.axilite_b2s/RD.r_channel_0/rd_data_fifo_0/cnt_read_reg[3]_rep/C
                         clock pessimism              0.229    12.887    
                         clock uncertainty           -0.154    12.733    
    SLICE_X32Y95         FDSE (Setup_fdse_C_D)       -0.045    12.688    TRNG_BOCK_i/ps7_0_axi_periph/s00_couplers/auto_pc/inst/gen_axilite.gen_b2s_conv.axilite_b2s/RD.r_channel_0/rd_data_fifo_0/cnt_read_reg[3]_rep
  -------------------------------------------------------------------
                         required time                         12.688    
                         arrival time                          -7.563    
  -------------------------------------------------------------------
                         slack                                  5.125    

Slack (MET) :             5.139ns  (required time - arrival time)
  Source:                 TRNG_BOCK_i/ps7_0_axi_periph/s00_couplers/auto_pc/inst/gen_axilite.gen_b2s_conv.axilite_b2s/RD.r_channel_0/rd_data_fifo_0/cnt_read_reg[2]_rep__2/C
                            (rising edge-triggered cell FDSE clocked by clk_fpga_0  {rise@0.000ns fall@5.000ns period=10.000ns})
  Destination:            TRNG_BOCK_i/ps7_0_axi_periph/s00_couplers/auto_pc/inst/gen_axilite.gen_b2s_conv.axilite_b2s/RD.r_channel_0/rd_data_fifo_0/cnt_read_reg[3]/D
                            (rising edge-triggered cell FDSE clocked by clk_fpga_0  {rise@0.000ns fall@5.000ns period=10.000ns})
  Path Group:             clk_fpga_0
  Path Type:              Setup (Max at Slow Process Corner)
  Requirement:            10.000ns  (clk_fpga_0 rise@10.000ns - clk_fpga_0 rise@0.000ns)
  Data Path Delay:        4.572ns  (logic 1.090ns (23.840%)  route 3.482ns (76.160%))
  Logic Levels:           4  (LUT2=1 LUT3=1 LUT6=2)
  Clock Path Skew:        -0.104ns (DCD - SCD + CPR)
    Destination Clock Delay (DCD):    2.658ns = ( 12.658 - 10.000 ) 
    Source Clock Delay      (SCD):    2.991ns
    Clock Pessimism Removal (CPR):    0.229ns
  Clock Uncertainty:      0.154ns  ((TSJ^2 + TIJ^2)^1/2 + DJ) / 2 + PE
    Total System Jitter     (TSJ):    0.071ns
    Total Input Jitter      (TIJ):    0.300ns
    Discrete Jitter          (DJ):    0.000ns
    Phase Error              (PE):    0.000ns

    Location             Delay type                Incr(ns)  Path(ns)    Netlist Resource(s)
  -------------------------------------------------------------------    -------------------
                         (clock clk_fpga_0 rise edge)
                                                      0.000     0.000 r  
    PS7_X0Y0             PS7                          0.000     0.000 r  TRNG_BOCK_i/processing_system7_0/inst/PS7_i/FCLKCLK[0]
                         net (fo=1, routed)           1.193     1.193    TRNG_BOCK_i/processing_system7_0/inst/FCLK_CLK_unbuffered[0]
    BUFGCTRL_X0Y16       BUFG (Prop_bufg_I_O)         0.101     1.294 r  TRNG_BOCK_i/processing_system7_0/inst/buffer_fclk_clk_0.FCLK_CLK_0_BUFG/O
                         net (fo=712, routed)         1.697     2.991    TRNG_BOCK_i/ps7_0_axi_periph/s00_couplers/auto_pc/inst/gen_axilite.gen_b2s_conv.axilite_b2s/RD.r_channel_0/rd_data_fifo_0/aclk
    SLICE_X31Y90         FDSE                                         r  TRNG_BOCK_i/ps7_0_axi_periph/s00_couplers/auto_pc/inst/gen_axilite.gen_b2s_conv.axilite_b2s/RD.r_channel_0/rd_data_fifo_0/cnt_read_reg[2]_rep__2/C
  -------------------------------------------------------------------    -------------------
    SLICE_X31Y90         FDSE (Prop_fdse_C_Q)         0.419     3.410 f  TRNG_BOCK_i/ps7_0_axi_periph/s00_couplers/auto_pc/inst/gen_axilite.gen_b2s_conv.axilite_b2s/RD.r_channel_0/rd_data_fifo_0/cnt_read_reg[2]_rep__2/Q
                         net (fo=8, routed)           0.859     4.269    TRNG_BOCK_i/ps7_0_axi_periph/s00_couplers/auto_pc/inst/gen_axilite.gen_b2s_conv.axilite_b2s/RD.r_channel_0/rd_data_fifo_0/cnt_read_reg[2]_rep__2_n_0
    SLICE_X31Y88         LUT3 (Prop_lut3_I2_O)        0.299     4.568 r  TRNG_BOCK_i/ps7_0_axi_periph/s00_couplers/auto_pc/inst/gen_axilite.gen_b2s_conv.axilite_b2s/RD.r_channel_0/rd_data_fifo_0/cnt_read[4]_i_2__0/O
                         net (fo=2, routed)           0.485     5.053    TRNG_BOCK_i/ps7_0_axi_periph/s00_couplers/auto_pc/inst/gen_axilite.gen_b2s_conv.axilite_b2s/RD.r_channel_0/transaction_fifo_0/cnt_read_reg[0]_rep__3
    SLICE_X29Y87         LUT6 (Prop_lut6_I5_O)        0.124     5.177 f  TRNG_BOCK_i/ps7_0_axi_periph/s00_couplers/auto_pc/inst/gen_axilite.gen_b2s_conv.axilite_b2s/RD.r_channel_0/transaction_fifo_0/m_valid_i_i_2/O
                         net (fo=6, routed)           0.734     5.912    TRNG_BOCK_i/ps7_0_axi_periph/s00_couplers/auto_pc/inst/gen_axilite.gen_b2s_conv.axilite_b2s/SI_REG/r.r_pipe/cnt_read_reg[4]_rep__0
    SLICE_X31Y91         LUT2 (Prop_lut2_I1_O)        0.124     6.036 r  TRNG_BOCK_i/ps7_0_axi_periph/s00_couplers/auto_pc/inst/gen_axilite.gen_b2s_conv.axilite_b2s/SI_REG/r.r_pipe/cnt_read[4]_i_4/O
                         net (fo=9, routed)           0.489     6.525    TRNG_BOCK_i/ps7_0_axi_periph/s00_couplers/auto_pc/inst/gen_axilite.gen_b2s_conv.axilite_b2s/RD.r_channel_0/rd_data_fifo_0/s_ready_i_reg
    SLICE_X30Y88         LUT6 (Prop_lut6_I4_O)        0.124     6.649 r  TRNG_BOCK_i/ps7_0_axi_periph/s00_couplers/auto_pc/inst/gen_axilite.gen_b2s_conv.axilite_b2s/RD.r_channel_0/rd_data_fifo_0/cnt_read[3]_i_1__0/O
                         net (fo=5, routed)           0.914     7.563    TRNG_BOCK_i/ps7_0_axi_periph/s00_couplers/auto_pc/inst/gen_axilite.gen_b2s_conv.axilite_b2s/RD.r_channel_0/rd_data_fifo_0/cnt_read[3]_i_1__0_n_0
    SLICE_X32Y95         FDSE                                         r  TRNG_BOCK_i/ps7_0_axi_periph/s00_couplers/auto_pc/inst/gen_axilite.gen_b2s_conv.axilite_b2s/RD.r_channel_0/rd_data_fifo_0/cnt_read_reg[3]/D
  -------------------------------------------------------------------    -------------------

                         (clock clk_fpga_0 rise edge)
                                                     10.000    10.000 r  
    PS7_X0Y0             PS7                          0.000    10.000 r  TRNG_BOCK_i/processing_system7_0/inst/PS7_i/FCLKCLK[0]
                         net (fo=1, routed)           1.088    11.088    TRNG_BOCK_i/processing_system7_0/inst/FCLK_CLK_unbuffered[0]
    BUFGCTRL_X0Y16       BUFG (Prop_bufg_I_O)         0.091    11.179 r  TRNG_BOCK_i/processing_system7_0/inst/buffer_fclk_clk_0.FCLK_CLK_0_BUFG/O
                         net (fo=712, routed)         1.479    12.658    TRNG_BOCK_i/ps7_0_axi_periph/s00_couplers/auto_pc/inst/gen_axilite.gen_b2s_conv.axilite_b2s/RD.r_channel_0/rd_data_fifo_0/aclk
    SLICE_X32Y95         FDSE                                         r  TRNG_BOCK_i/ps7_0_axi_periph/s00_couplers/auto_pc/inst/gen_axilite.gen_b2s_conv.axilite_b2s/RD.r_channel_0/rd_data_fifo_0/cnt_read_reg[3]/C
                         clock pessimism              0.229    12.887    
                         clock uncertainty           -0.154    12.733    
    SLICE_X32Y95         FDSE (Setup_fdse_C_D)       -0.031    12.702    TRNG_BOCK_i/ps7_0_axi_periph/s00_couplers/auto_pc/inst/gen_axilite.gen_b2s_conv.axilite_b2s/RD.r_channel_0/rd_data_fifo_0/cnt_read_reg[3]
  -------------------------------------------------------------------
                         required time                         12.702    
                         arrival time                          -7.563    
  -------------------------------------------------------------------
                         slack                                  5.139    

Slack (MET) :             5.140ns  (required time - arrival time)
  Source:                 TRNG_BOCK_i/ps7_0_axi_periph/s00_couplers/auto_pc/inst/gen_axilite.gen_b2s_conv.axilite_b2s/RD.r_channel_0/rd_data_fifo_0/cnt_read_reg[2]_rep__2/C
                            (rising edge-triggered cell FDSE clocked by clk_fpga_0  {rise@0.000ns fall@5.000ns period=10.000ns})
  Destination:            TRNG_BOCK_i/ps7_0_axi_periph/s00_couplers/auto_pc/inst/gen_axilite.gen_b2s_conv.axilite_b2s/RD.r_channel_0/rd_data_fifo_0/cnt_read_reg[1]_rep/D
                            (rising edge-triggered cell FDSE clocked by clk_fpga_0  {rise@0.000ns fall@5.000ns period=10.000ns})
  Path Group:             clk_fpga_0
  Path Type:              Setup (Max at Slow Process Corner)
  Requirement:            10.000ns  (clk_fpga_0 rise@10.000ns - clk_fpga_0 rise@0.000ns)
  Data Path Delay:        4.389ns  (logic 1.084ns (24.698%)  route 3.305ns (75.302%))
  Logic Levels:           4  (LUT2=1 LUT3=1 LUT4=1 LUT6=1)
  Clock Path Skew:        -0.023ns (DCD - SCD + CPR)
    Destination Clock Delay (DCD):    2.704ns = ( 12.704 - 10.000 ) 
    Source Clock Delay      (SCD):    2.991ns
    Clock Pessimism Removal (CPR):    0.264ns
  Clock Uncertainty:      0.154ns  ((TSJ^2 + TIJ^2)^1/2 + DJ) / 2 + PE
    Total System Jitter     (TSJ):    0.071ns
    Total Input Jitter      (TIJ):    0.300ns
    Discrete Jitter          (DJ):    0.000ns
    Phase Error              (PE):    0.000ns

    Location             Delay type                Incr(ns)  Path(ns)    Netlist Resource(s)
  -------------------------------------------------------------------    -------------------
                         (clock clk_fpga_0 rise edge)
                                                      0.000     0.000 r  
    PS7_X0Y0             PS7                          0.000     0.000 r  TRNG_BOCK_i/processing_system7_0/inst/PS7_i/FCLKCLK[0]
                         net (fo=1, routed)           1.193     1.193    TRNG_BOCK_i/processing_system7_0/inst/FCLK_CLK_unbuffered[0]
    BUFGCTRL_X0Y16       BUFG (Prop_bufg_I_O)         0.101     1.294 r  TRNG_BOCK_i/processing_system7_0/inst/buffer_fclk_clk_0.FCLK_CLK_0_BUFG/O
                         net (fo=712, routed)         1.697     2.991    TRNG_BOCK_i/ps7_0_axi_periph/s00_couplers/auto_pc/inst/gen_axilite.gen_b2s_conv.axilite_b2s/RD.r_channel_0/rd_data_fifo_0/aclk
    SLICE_X31Y90         FDSE                                         r  TRNG_BOCK_i/ps7_0_axi_periph/s00_couplers/auto_pc/inst/gen_axilite.gen_b2s_conv.axilite_b2s/RD.r_channel_0/rd_data_fifo_0/cnt_read_reg[2]_rep__2/C
  -------------------------------------------------------------------    -------------------
    SLICE_X31Y90         FDSE (Prop_fdse_C_Q)         0.419     3.410 f  TRNG_BOCK_i/ps7_0_axi_periph/s00_couplers/auto_pc/inst/gen_axilite.gen_b2s_conv.axilite_b2s/RD.r_channel_0/rd_data_fifo_0/cnt_read_reg[2]_rep__2/Q
                         net (fo=8, routed)           0.859     4.269    TRNG_BOCK_i/ps7_0_axi_periph/s00_couplers/auto_pc/inst/gen_axilite.gen_b2s_conv.axilite_b2s/RD.r_channel_0/rd_data_fifo_0/cnt_read_reg[2]_rep__2_n_0
    SLICE_X31Y88         LUT3 (Prop_lut3_I2_O)        0.299     4.568 r  TRNG_BOCK_i/ps7_0_axi_periph/s00_couplers/auto_pc/inst/gen_axilite.gen_b2s_conv.axilite_b2s/RD.r_channel_0/rd_data_fifo_0/cnt_read[4]_i_2__0/O
                         net (fo=2, routed)           0.485     5.053    TRNG_BOCK_i/ps7_0_axi_periph/s00_couplers/auto_pc/inst/gen_axilite.gen_b2s_conv.axilite_b2s/RD.r_channel_0/transaction_fifo_0/cnt_read_reg[0]_rep__3
    SLICE_X29Y87         LUT6 (Prop_lut6_I5_O)        0.124     5.177 f  TRNG_BOCK_i/ps7_0_axi_periph/s00_couplers/auto_pc/inst/gen_axilite.gen_b2s_conv.axilite_b2s/RD.r_channel_0/transaction_fifo_0/m_valid_i_i_2/O
                         net (fo=6, routed)           0.734     5.912    TRNG_BOCK_i/ps7_0_axi_periph/s00_couplers/auto_pc/inst/gen_axilite.gen_b2s_conv.axilite_b2s/SI_REG/r.r_pipe/cnt_read_reg[4]_rep__0
    SLICE_X31Y91         LUT2 (Prop_lut2_I1_O)        0.124     6.036 r  TRNG_BOCK_i/ps7_0_axi_periph/s00_couplers/auto_pc/inst/gen_axilite.gen_b2s_conv.axilite_b2s/SI_REG/r.r_pipe/cnt_read[4]_i_4/O
                         net (fo=9, routed)           0.594     6.629    TRNG_BOCK_i/ps7_0_axi_periph/s00_couplers/auto_pc/inst/gen_axilite.gen_b2s_conv.axilite_b2s/RD.r_channel_0/rd_data_fifo_0/s_ready_i_reg
    SLICE_X29Y88         LUT4 (Prop_lut4_I2_O)        0.118     6.747 r  TRNG_BOCK_i/ps7_0_axi_periph/s00_couplers/auto_pc/inst/gen_axilite.gen_b2s_conv.axilite_b2s/RD.r_channel_0/rd_data_fifo_0/cnt_read[1]_i_1__2/O
                         net (fo=5, routed)           0.633     7.380    TRNG_BOCK_i/ps7_0_axi_periph/s00_couplers/auto_pc/inst/gen_axilite.gen_b2s_conv.axilite_b2s/RD.r_channel_0/rd_data_fifo_0/cnt_read[1]_i_1__2_n_0
    SLICE_X29Y93         FDSE                                         r  TRNG_BOCK_i/ps7_0_axi_periph/s00_couplers/auto_pc/inst/gen_axilite.gen_b2s_conv.axilite_b2s/RD.r_channel_0/rd_data_fifo_0/cnt_read_reg[1]_rep/D
  -------------------------------------------------------------------    -------------------

                         (clock clk_fpga_0 rise edge)
                                                     10.000    10.000 r  
    PS7_X0Y0             PS7                          0.000    10.000 r  TRNG_BOCK_i/processing_system7_0/inst/PS7_i/FCLKCLK[0]
                         net (fo=1, routed)           1.088    11.088    TRNG_BOCK_i/processing_system7_0/inst/FCLK_CLK_unbuffered[0]
    BUFGCTRL_X0Y16       BUFG (Prop_bufg_I_O)         0.091    11.179 r  TRNG_BOCK_i/processing_system7_0/inst/buffer_fclk_clk_0.FCLK_CLK_0_BUFG/O
                         net (fo=712, routed)         1.525    12.704    TRNG_BOCK_i/ps7_0_axi_periph/s00_couplers/auto_pc/inst/gen_axilite.gen_b2s_conv.axilite_b2s/RD.r_channel_0/rd_data_fifo_0/aclk
    SLICE_X29Y93         FDSE                                         r  TRNG_BOCK_i/ps7_0_axi_periph/s00_couplers/auto_pc/inst/gen_axilite.gen_b2s_conv.axilite_b2s/RD.r_channel_0/rd_data_fifo_0/cnt_read_reg[1]_rep/C
                         clock pessimism              0.264    12.968    
                         clock uncertainty           -0.154    12.814    
    SLICE_X29Y93         FDSE (Setup_fdse_C_D)       -0.294    12.520    TRNG_BOCK_i/ps7_0_axi_periph/s00_couplers/auto_pc/inst/gen_axilite.gen_b2s_conv.axilite_b2s/RD.r_channel_0/rd_data_fifo_0/cnt_read_reg[1]_rep
  -------------------------------------------------------------------
                         required time                         12.520    
                         arrival time                          -7.380    
  -------------------------------------------------------------------
                         slack                                  5.140    

Slack (MET) :             5.143ns  (required time - arrival time)
  Source:                 TRNG_BOCK_i/ps7_0_axi_periph/s00_couplers/auto_pc/inst/gen_axilite.gen_b2s_conv.axilite_b2s/WR.b_channel_0/bid_fifo_0/cnt_read_reg[0]_rep/C
                            (rising edge-triggered cell FDSE clocked by clk_fpga_0  {rise@0.000ns fall@5.000ns period=10.000ns})
  Destination:            TRNG_BOCK_i/ps7_0_axi_periph/s00_couplers/auto_pc/inst/gen_axilite.gen_b2s_conv.axilite_b2s/WR.b_channel_0/bresp_cnt_reg[3]/R
                            (rising edge-triggered cell FDRE clocked by clk_fpga_0  {rise@0.000ns fall@5.000ns period=10.000ns})
  Path Group:             clk_fpga_0
  Path Type:              Setup (Max at Slow Process Corner)
  Requirement:            10.000ns  (clk_fpga_0 rise@10.000ns - clk_fpga_0 rise@0.000ns)
  Data Path Delay:        4.074ns  (logic 0.963ns (23.639%)  route 3.111ns (76.361%))
  Logic Levels:           3  (LUT4=1 LUT6=1 SRL16E=1)
  Clock Path Skew:        -0.105ns (DCD - SCD + CPR)
    Destination Clock Delay (DCD):    2.660ns = ( 12.660 - 10.000 ) 
    Source Clock Delay      (SCD):    2.994ns
    Clock Pessimism Removal (CPR):    0.229ns
  Clock Uncertainty:      0.154ns  ((TSJ^2 + TIJ^2)^1/2 + DJ) / 2 + PE
    Total System Jitter     (TSJ):    0.071ns
    Total Input Jitter      (TIJ):    0.300ns
    Discrete Jitter          (DJ):    0.000ns
    Phase Error              (PE):    0.000ns

    Location             Delay type                Incr(ns)  Path(ns)    Netlist Resource(s)
  -------------------------------------------------------------------    -------------------
                         (clock clk_fpga_0 rise edge)
                                                      0.000     0.000 r  
    PS7_X0Y0             PS7                          0.000     0.000 r  TRNG_BOCK_i/processing_system7_0/inst/PS7_i/FCLKCLK[0]
                         net (fo=1, routed)           1.193     1.193    TRNG_BOCK_i/processing_system7_0/inst/FCLK_CLK_unbuffered[0]
    BUFGCTRL_X0Y16       BUFG (Prop_bufg_I_O)         0.101     1.294 r  TRNG_BOCK_i/processing_system7_0/inst/buffer_fclk_clk_0.FCLK_CLK_0_BUFG/O
                         net (fo=712, routed)         1.700     2.994    TRNG_BOCK_i/ps7_0_axi_periph/s00_couplers/auto_pc/inst/gen_axilite.gen_b2s_conv.axilite_b2s/WR.b_channel_0/bid_fifo_0/aclk
    SLICE_X31Y99         FDSE                                         r  TRNG_BOCK_i/ps7_0_axi_periph/s00_couplers/auto_pc/inst/gen_axilite.gen_b2s_conv.axilite_b2s/WR.b_channel_0/bid_fifo_0/cnt_read_reg[0]_rep/C
  -------------------------------------------------------------------    -------------------
    SLICE_X31Y99         FDSE (Prop_fdse_C_Q)         0.419     3.413 r  TRNG_BOCK_i/ps7_0_axi_periph/s00_couplers/auto_pc/inst/gen_axilite.gen_b2s_conv.axilite_b2s/WR.b_channel_0/bid_fifo_0/cnt_read_reg[0]_rep/Q
                         net (fo=8, routed)           1.227     4.640    TRNG_BOCK_i/ps7_0_axi_periph/s00_couplers/auto_pc/inst/gen_axilite.gen_b2s_conv.axilite_b2s/WR.b_channel_0/bid_fifo_0/cnt_read_reg[0]_rep_n_0
    SLICE_X34Y98         SRL16E (Prop_srl16e_A0_Q)    0.296     4.936 r  TRNG_BOCK_i/ps7_0_axi_periph/s00_couplers/auto_pc/inst/gen_axilite.gen_b2s_conv.axilite_b2s/WR.b_channel_0/bid_fifo_0/memory_reg[3][3]_srl4/Q
                         net (fo=1, routed)           0.583     5.519    TRNG_BOCK_i/ps7_0_axi_periph/s00_couplers/auto_pc/inst/gen_axilite.gen_b2s_conv.axilite_b2s/WR.b_channel_0/bid_fifo_0/memory_reg[3][3]_srl4_n_0
    SLICE_X33Y98         LUT6 (Prop_lut6_I5_O)        0.124     5.643 f  TRNG_BOCK_i/ps7_0_axi_periph/s00_couplers/auto_pc/inst/gen_axilite.gen_b2s_conv.axilite_b2s/WR.b_channel_0/bid_fifo_0/bresp_cnt[7]_i_3/O
                         net (fo=2, routed)           0.794     6.437    TRNG_BOCK_i/ps7_0_axi_periph/s00_couplers/auto_pc/inst/gen_axilite.gen_b2s_conv.axilite_b2s/WR.b_channel_0/bid_fifo_0/bresp_cnt[7]_i_3_n_0
    SLICE_X35Y98         LUT4 (Prop_lut4_I1_O)        0.124     6.561 r  TRNG_BOCK_i/ps7_0_axi_periph/s00_couplers/auto_pc/inst/gen_axilite.gen_b2s_conv.axilite_b2s/WR.b_channel_0/bid_fifo_0/bresp_cnt[7]_i_1/O
                         net (fo=10, routed)          0.507     7.068    TRNG_BOCK_i/ps7_0_axi_periph/s00_couplers/auto_pc/inst/gen_axilite.gen_b2s_conv.axilite_b2s/WR.b_channel_0/s_bresp_acc0
    SLICE_X34Y99         FDRE                                         r  TRNG_BOCK_i/ps7_0_axi_periph/s00_couplers/auto_pc/inst/gen_axilite.gen_b2s_conv.axilite_b2s/WR.b_channel_0/bresp_cnt_reg[3]/R
  -------------------------------------------------------------------    -------------------

                         (clock clk_fpga_0 rise edge)
                                                     10.000    10.000 r  
    PS7_X0Y0             PS7                          0.000    10.000 r  TRNG_BOCK_i/processing_system7_0/inst/PS7_i/FCLKCLK[0]
                         net (fo=1, routed)           1.088    11.088    TRNG_BOCK_i/processing_system7_0/inst/FCLK_CLK_unbuffered[0]
    BUFGCTRL_X0Y16       BUFG (Prop_bufg_I_O)         0.091    11.179 r  TRNG_BOCK_i/processing_system7_0/inst/buffer_fclk_clk_0.FCLK_CLK_0_BUFG/O
                         net (fo=712, routed)         1.481    12.660    TRNG_BOCK_i/ps7_0_axi_periph/s00_couplers/auto_pc/inst/gen_axilite.gen_b2s_conv.axilite_b2s/WR.b_channel_0/aclk
    SLICE_X34Y99         FDRE                                         r  TRNG_BOCK_i/ps7_0_axi_periph/s00_couplers/auto_pc/inst/gen_axilite.gen_b2s_conv.axilite_b2s/WR.b_channel_0/bresp_cnt_reg[3]/C
                         clock pessimism              0.229    12.889    
                         clock uncertainty           -0.154    12.735    
    SLICE_X34Y99         FDRE (Setup_fdre_C_R)       -0.524    12.211    TRNG_BOCK_i/ps7_0_axi_periph/s00_couplers/auto_pc/inst/gen_axilite.gen_b2s_conv.axilite_b2s/WR.b_channel_0/bresp_cnt_reg[3]
  -------------------------------------------------------------------
                         required time                         12.211    
                         arrival time                          -7.068    
  -------------------------------------------------------------------
                         slack                                  5.143    





Min Delay Paths
--------------------------------------------------------------------------------------
Slack (MET) :             0.057ns  (arrival time - required time)
  Source:                 TRNG_BOCK_i/ps7_0_axi_periph/s00_couplers/auto_pc/inst/gen_axilite.gen_b2s_conv.axilite_b2s/SI_REG/aw.aw_pipe/m_payload_i_reg[59]/C
                            (rising edge-triggered cell FDRE clocked by clk_fpga_0  {rise@0.000ns fall@5.000ns period=10.000ns})
  Destination:            TRNG_BOCK_i/ps7_0_axi_periph/s00_couplers/auto_pc/inst/gen_axilite.gen_b2s_conv.axilite_b2s/WR.aw_channel_0/s_awid_r_reg[9]/D
                            (rising edge-triggered cell FDRE clocked by clk_fpga_0  {rise@0.000ns fall@5.000ns period=10.000ns})
  Path Group:             clk_fpga_0
  Path Type:              Hold (Min at Fast Process Corner)
  Requirement:            0.000ns  (clk_fpga_0 rise@0.000ns - clk_fpga_0 rise@0.000ns)
  Data Path Delay:        0.313ns  (logic 0.141ns (45.039%)  route 0.172ns (54.961%))
  Logic Levels:           0  
  Clock Path Skew:        0.184ns (DCD - SCD - CPR)
    Destination Clock Delay (DCD):    1.211ns
    Source Clock Delay      (SCD):    0.992ns
    Clock Pessimism Removal (CPR):    0.035ns

    Location             Delay type                Incr(ns)  Path(ns)    Netlist Resource(s)
  -------------------------------------------------------------------    -------------------
                         (clock clk_fpga_0 rise edge)
                                                      0.000     0.000 r  
    PS7_X0Y0             PS7                          0.000     0.000 r  TRNG_BOCK_i/processing_system7_0/inst/PS7_i/FCLKCLK[0]
                         net (fo=1, routed)           0.310     0.310    TRNG_BOCK_i/processing_system7_0/inst/FCLK_CLK_unbuffered[0]
    BUFGCTRL_X0Y16       BUFG (Prop_bufg_I_O)         0.026     0.336 r  TRNG_BOCK_i/processing_system7_0/inst/buffer_fclk_clk_0.FCLK_CLK_0_BUFG/O
                         net (fo=712, routed)         0.656     0.992    TRNG_BOCK_i/ps7_0_axi_periph/s00_couplers/auto_pc/inst/gen_axilite.gen_b2s_conv.axilite_b2s/SI_REG/aw.aw_pipe/aclk
    SLICE_X27Y101        FDRE                                         r  TRNG_BOCK_i/ps7_0_axi_periph/s00_couplers/auto_pc/inst/gen_axilite.gen_b2s_conv.axilite_b2s/SI_REG/aw.aw_pipe/m_payload_i_reg[59]/C
  -------------------------------------------------------------------    -------------------
    SLICE_X27Y101        FDRE (Prop_fdre_C_Q)         0.141     1.133 r  TRNG_BOCK_i/ps7_0_axi_periph/s00_couplers/auto_pc/inst/gen_axilite.gen_b2s_conv.axilite_b2s/SI_REG/aw.aw_pipe/m_payload_i_reg[59]/Q
                         net (fo=1, routed)           0.172     1.305    TRNG_BOCK_i/ps7_0_axi_periph/s00_couplers/auto_pc/inst/gen_axilite.gen_b2s_conv.axilite_b2s/WR.aw_channel_0/Q[29]
    SLICE_X28Y99         FDRE                                         r  TRNG_BOCK_i/ps7_0_axi_periph/s00_couplers/auto_pc/inst/gen_axilite.gen_b2s_conv.axilite_b2s/WR.aw_channel_0/s_awid_r_reg[9]/D
  -------------------------------------------------------------------    -------------------

                         (clock clk_fpga_0 rise edge)
                                                      0.000     0.000 r  
    PS7_X0Y0             PS7                          0.000     0.000 r  TRNG_BOCK_i/processing_system7_0/inst/PS7_i/FCLKCLK[0]
                         net (fo=1, routed)           0.337     0.337    TRNG_BOCK_i/processing_system7_0/inst/FCLK_CLK_unbuffered[0]
    BUFGCTRL_X0Y16       BUFG (Prop_bufg_I_O)         0.029     0.366 r  TRNG_BOCK_i/processing_system7_0/inst/buffer_fclk_clk_0.FCLK_CLK_0_BUFG/O
                         net (fo=712, routed)         0.845     1.211    TRNG_BOCK_i/ps7_0_axi_periph/s00_couplers/auto_pc/inst/gen_axilite.gen_b2s_conv.axilite_b2s/WR.aw_channel_0/aclk
    SLICE_X28Y99         FDRE                                         r  TRNG_BOCK_i/ps7_0_axi_periph/s00_couplers/auto_pc/inst/gen_axilite.gen_b2s_conv.axilite_b2s/WR.aw_channel_0/s_awid_r_reg[9]/C
                         clock pessimism             -0.035     1.176    
    SLICE_X28Y99         FDRE (Hold_fdre_C_D)         0.072     1.248    TRNG_BOCK_i/ps7_0_axi_periph/s00_couplers/auto_pc/inst/gen_axilite.gen_b2s_conv.axilite_b2s/WR.aw_channel_0/s_awid_r_reg[9]
  -------------------------------------------------------------------
                         required time                         -1.248    
                         arrival time                           1.305    
  -------------------------------------------------------------------
                         slack                                  0.057    

Slack (MET) :             0.064ns  (arrival time - required time)
  Source:                 TRNG_BOCK_i/ps7_0_axi_periph/s00_couplers/auto_pc/inst/gen_axilite.gen_b2s_conv.axilite_b2s/WR.aw_channel_0/s_awid_r_reg[7]/C
                            (rising edge-triggered cell FDRE clocked by clk_fpga_0  {rise@0.000ns fall@5.000ns period=10.000ns})
  Destination:            TRNG_BOCK_i/ps7_0_axi_periph/s00_couplers/auto_pc/inst/gen_axilite.gen_b2s_conv.axilite_b2s/WR.b_channel_0/bid_fifo_0/memory_reg[3][15]_srl4/D
                            (rising edge-triggered cell SRL16E clocked by clk_fpga_0  {rise@0.000ns fall@5.000ns period=10.000ns})
  Path Group:             clk_fpga_0
  Path Type:              Hold (Min at Fast Process Corner)
  Requirement:            0.000ns  (clk_fpga_0 rise@0.000ns - clk_fpga_0 rise@0.000ns)
  Data Path Delay:        0.352ns  (logic 0.141ns (40.088%)  route 0.211ns (59.912%))
  Logic Levels:           0  
  Clock Path Skew:        0.180ns (DCD - SCD - CPR)
    Destination Clock Delay (DCD):    1.210ns
    Source Clock Delay      (SCD):    0.995ns
    Clock Pessimism Removal (CPR):    0.035ns

    Location             Delay type                Incr(ns)  Path(ns)    Netlist Resource(s)
  -------------------------------------------------------------------    -------------------
                         (clock clk_fpga_0 rise edge)
                                                      0.000     0.000 r  
    PS7_X0Y0             PS7                          0.000     0.000 r  TRNG_BOCK_i/processing_system7_0/inst/PS7_i/FCLKCLK[0]
                         net (fo=1, routed)           0.310     0.310    TRNG_BOCK_i/processing_system7_0/inst/FCLK_CLK_unbuffered[0]
    BUFGCTRL_X0Y16       BUFG (Prop_bufg_I_O)         0.026     0.336 r  TRNG_BOCK_i/processing_system7_0/inst/buffer_fclk_clk_0.FCLK_CLK_0_BUFG/O
                         net (fo=712, routed)         0.659     0.995    TRNG_BOCK_i/ps7_0_axi_periph/s00_couplers/auto_pc/inst/gen_axilite.gen_b2s_conv.axilite_b2s/WR.aw_channel_0/aclk
    SLICE_X28Y100        FDRE                                         r  TRNG_BOCK_i/ps7_0_axi_periph/s00_couplers/auto_pc/inst/gen_axilite.gen_b2s_conv.axilite_b2s/WR.aw_channel_0/s_awid_r_reg[7]/C
  -------------------------------------------------------------------    -------------------
    SLICE_X28Y100        FDRE (Prop_fdre_C_Q)         0.141     1.136 r  TRNG_BOCK_i/ps7_0_axi_periph/s00_couplers/auto_pc/inst/gen_axilite.gen_b2s_conv.axilite_b2s/WR.aw_channel_0/s_awid_r_reg[7]/Q
                         net (fo=1, routed)           0.211     1.347    TRNG_BOCK_i/ps7_0_axi_periph/s00_couplers/auto_pc/inst/gen_axilite.gen_b2s_conv.axilite_b2s/WR.b_channel_0/bid_fifo_0/in[11]
    SLICE_X26Y99         SRL16E                                       r  TRNG_BOCK_i/ps7_0_axi_periph/s00_couplers/auto_pc/inst/gen_axilite.gen_b2s_conv.axilite_b2s/WR.b_channel_0/bid_fifo_0/memory_reg[3][15]_srl4/D
  -------------------------------------------------------------------    -------------------

                         (clock clk_fpga_0 rise edge)
                                                      0.000     0.000 r  
    PS7_X0Y0             PS7                          0.000     0.000 r  TRNG_BOCK_i/processing_system7_0/inst/PS7_i/FCLKCLK[0]
                         net (fo=1, routed)           0.337     0.337    TRNG_BOCK_i/processing_system7_0/inst/FCLK_CLK_unbuffered[0]
    BUFGCTRL_X0Y16       BUFG (Prop_bufg_I_O)         0.029     0.366 r  TRNG_BOCK_i/processing_system7_0/inst/buffer_fclk_clk_0.FCLK_CLK_0_BUFG/O
                         net (fo=712, routed)         0.844     1.210    TRNG_BOCK_i/ps7_0_axi_periph/s00_couplers/auto_pc/inst/gen_axilite.gen_b2s_conv.axilite_b2s/WR.b_channel_0/bid_fifo_0/aclk
    SLICE_X26Y99         SRL16E                                       r  TRNG_BOCK_i/ps7_0_axi_periph/s00_couplers/auto_pc/inst/gen_axilite.gen_b2s_conv.axilite_b2s/WR.b_channel_0/bid_fifo_0/memory_reg[3][15]_srl4/CLK
                         clock pessimism             -0.035     1.175    
    SLICE_X26Y99         SRL16E (Hold_srl16e_CLK_D)
                                                      0.108     1.283    TRNG_BOCK_i/ps7_0_axi_periph/s00_couplers/auto_pc/inst/gen_axilite.gen_b2s_conv.axilite_b2s/WR.b_channel_0/bid_fifo_0/memory_reg[3][15]_srl4
  -------------------------------------------------------------------
                         required time                         -1.283    
                         arrival time                           1.347    
  -------------------------------------------------------------------
                         slack                                  0.064    

Slack (MET) :             0.079ns  (arrival time - required time)
  Source:                 TRNG_BOCK_i/rst_ps7_0_100M/U0/ACTIVE_LOW_PR_OUT_DFF[0].FDRE_PER_N/C
                            (rising edge-triggered cell FDRE clocked by clk_fpga_0  {rise@0.000ns fall@5.000ns period=10.000ns})
  Destination:            TRNG_BOCK_i/ps7_0_axi_periph/s00_couplers/auto_pc/inst/gen_axilite.gen_b2s_conv.axilite_b2s/SI_REG/aw.aw_pipe/aresetn_d_reg[0]/D
                            (rising edge-triggered cell FDRE clocked by clk_fpga_0  {rise@0.000ns fall@5.000ns period=10.000ns})
  Path Group:             clk_fpga_0
  Path Type:              Hold (Min at Fast Process Corner)
  Requirement:            0.000ns  (clk_fpga_0 rise@0.000ns - clk_fpga_0 rise@0.000ns)
  Data Path Delay:        0.335ns  (logic 0.164ns (49.000%)  route 0.171ns (51.000%))
  Logic Levels:           0  
  Clock Path Skew:        0.181ns (DCD - SCD - CPR)
    Destination Clock Delay (DCD):    1.211ns
    Source Clock Delay      (SCD):    0.995ns
    Clock Pessimism Removal (CPR):    0.035ns

    Location             Delay type                Incr(ns)  Path(ns)    Netlist Resource(s)
  -------------------------------------------------------------------    -------------------
                         (clock clk_fpga_0 rise edge)
                                                      0.000     0.000 r  
    PS7_X0Y0             PS7                          0.000     0.000 r  TRNG_BOCK_i/processing_system7_0/inst/PS7_i/FCLKCLK[0]
                         net (fo=1, routed)           0.310     0.310    TRNG_BOCK_i/processing_system7_0/inst/FCLK_CLK_unbuffered[0]
    BUFGCTRL_X0Y16       BUFG (Prop_bufg_I_O)         0.026     0.336 r  TRNG_BOCK_i/processing_system7_0/inst/buffer_fclk_clk_0.FCLK_CLK_0_BUFG/O
                         net (fo=712, routed)         0.659     0.995    TRNG_BOCK_i/rst_ps7_0_100M/U0/slowest_sync_clk
    SLICE_X30Y101        FDRE                                         r  TRNG_BOCK_i/rst_ps7_0_100M/U0/ACTIVE_LOW_PR_OUT_DFF[0].FDRE_PER_N/C
  -------------------------------------------------------------------    -------------------
    SLICE_X30Y101        FDRE (Prop_fdre_C_Q)         0.164     1.159 r  TRNG_BOCK_i/rst_ps7_0_100M/U0/ACTIVE_LOW_PR_OUT_DFF[0].FDRE_PER_N/Q
                         net (fo=4, routed)           0.171     1.330    TRNG_BOCK_i/ps7_0_axi_periph/s00_couplers/auto_pc/inst/gen_axilite.gen_b2s_conv.axilite_b2s/SI_REG/aw.aw_pipe/aresetn
    SLICE_X29Y98         FDRE                                         r  TRNG_BOCK_i/ps7_0_axi_periph/s00_couplers/auto_pc/inst/gen_axilite.gen_b2s_conv.axilite_b2s/SI_REG/aw.aw_pipe/aresetn_d_reg[0]/D
  -------------------------------------------------------------------    -------------------

                         (clock clk_fpga_0 rise edge)
                                                      0.000     0.000 r  
    PS7_X0Y0             PS7                          0.000     0.000 r  TRNG_BOCK_i/processing_system7_0/inst/PS7_i/FCLKCLK[0]
                         net (fo=1, routed)           0.337     0.337    TRNG_BOCK_i/processing_system7_0/inst/FCLK_CLK_unbuffered[0]
    BUFGCTRL_X0Y16       BUFG (Prop_bufg_I_O)         0.029     0.366 r  TRNG_BOCK_i/processing_system7_0/inst/buffer_fclk_clk_0.FCLK_CLK_0_BUFG/O
                         net (fo=712, routed)         0.845     1.211    TRNG_BOCK_i/ps7_0_axi_periph/s00_couplers/auto_pc/inst/gen_axilite.gen_b2s_conv.axilite_b2s/SI_REG/aw.aw_pipe/aclk
    SLICE_X29Y98         FDRE                                         r  TRNG_BOCK_i/ps7_0_axi_periph/s00_couplers/auto_pc/inst/gen_axilite.gen_b2s_conv.axilite_b2s/SI_REG/aw.aw_pipe/aresetn_d_reg[0]/C
                         clock pessimism             -0.035     1.176    
    SLICE_X29Y98         FDRE (Hold_fdre_C_D)         0.075     1.251    TRNG_BOCK_i/ps7_0_axi_periph/s00_couplers/auto_pc/inst/gen_axilite.gen_b2s_conv.axilite_b2s/SI_REG/aw.aw_pipe/aresetn_d_reg[0]
  -------------------------------------------------------------------
                         required time                         -1.251    
                         arrival time                           1.330    
  -------------------------------------------------------------------
                         slack                                  0.079    

Slack (MET) :             0.081ns  (arrival time - required time)
  Source:                 TRNG_BOCK_i/ps7_0_axi_periph/s00_couplers/auto_pc/inst/gen_axilite.gen_b2s_conv.axilite_b2s/SI_REG/aw.aw_pipe/m_payload_i_reg[60]/C
                            (rising edge-triggered cell FDRE clocked by clk_fpga_0  {rise@0.000ns fall@5.000ns period=10.000ns})
  Destination:            TRNG_BOCK_i/ps7_0_axi_periph/s00_couplers/auto_pc/inst/gen_axilite.gen_b2s_conv.axilite_b2s/WR.aw_channel_0/s_awid_r_reg[10]/D
                            (rising edge-triggered cell FDRE clocked by clk_fpga_0  {rise@0.000ns fall@5.000ns period=10.000ns})
  Path Group:             clk_fpga_0
  Path Type:              Hold (Min at Fast Process Corner)
  Requirement:            0.000ns  (clk_fpga_0 rise@0.000ns - clk_fpga_0 rise@0.000ns)
  Data Path Delay:        0.340ns  (logic 0.164ns (48.303%)  route 0.176ns (51.697%))
  Logic Levels:           0  
  Clock Path Skew:        0.184ns (DCD - SCD - CPR)
    Destination Clock Delay (DCD):    1.211ns
    Source Clock Delay      (SCD):    0.992ns
    Clock Pessimism Removal (CPR):    0.035ns

    Location             Delay type                Incr(ns)  Path(ns)    Netlist Resource(s)
  -------------------------------------------------------------------    -------------------
                         (clock clk_fpga_0 rise edge)
                                                      0.000     0.000 r  
    PS7_X0Y0             PS7                          0.000     0.000 r  TRNG_BOCK_i/processing_system7_0/inst/PS7_i/FCLKCLK[0]
                         net (fo=1, routed)           0.310     0.310    TRNG_BOCK_i/processing_system7_0/inst/FCLK_CLK_unbuffered[0]
    BUFGCTRL_X0Y16       BUFG (Prop_bufg_I_O)         0.026     0.336 r  TRNG_BOCK_i/processing_system7_0/inst/buffer_fclk_clk_0.FCLK_CLK_0_BUFG/O
                         net (fo=712, routed)         0.656     0.992    TRNG_BOCK_i/ps7_0_axi_periph/s00_couplers/auto_pc/inst/gen_axilite.gen_b2s_conv.axilite_b2s/SI_REG/aw.aw_pipe/aclk
    SLICE_X26Y100        FDRE                                         r  TRNG_BOCK_i/ps7_0_axi_periph/s00_couplers/auto_pc/inst/gen_axilite.gen_b2s_conv.axilite_b2s/SI_REG/aw.aw_pipe/m_payload_i_reg[60]/C
  -------------------------------------------------------------------    -------------------
    SLICE_X26Y100        FDRE (Prop_fdre_C_Q)         0.164     1.156 r  TRNG_BOCK_i/ps7_0_axi_periph/s00_couplers/auto_pc/inst/gen_axilite.gen_b2s_conv.axilite_b2s/SI_REG/aw.aw_pipe/m_payload_i_reg[60]/Q
                         net (fo=1, routed)           0.176     1.332    TRNG_BOCK_i/ps7_0_axi_periph/s00_couplers/auto_pc/inst/gen_axilite.gen_b2s_conv.axilite_b2s/WR.aw_channel_0/Q[30]
    SLICE_X29Y99         FDRE                                         r  TRNG_BOCK_i/ps7_0_axi_periph/s00_couplers/auto_pc/inst/gen_axilite.gen_b2s_conv.axilite_b2s/WR.aw_channel_0/s_awid_r_reg[10]/D
  -------------------------------------------------------------------    -------------------

                         (clock clk_fpga_0 rise edge)
                                                      0.000     0.000 r  
    PS7_X0Y0             PS7                          0.000     0.000 r  TRNG_BOCK_i/processing_system7_0/inst/PS7_i/FCLKCLK[0]
                         net (fo=1, routed)           0.337     0.337    TRNG_BOCK_i/processing_system7_0/inst/FCLK_CLK_unbuffered[0]
    BUFGCTRL_X0Y16       BUFG (Prop_bufg_I_O)         0.029     0.366 r  TRNG_BOCK_i/processing_system7_0/inst/buffer_fclk_clk_0.FCLK_CLK_0_BUFG/O
                         net (fo=712, routed)         0.845     1.211    TRNG_BOCK_i/ps7_0_axi_periph/s00_couplers/auto_pc/inst/gen_axilite.gen_b2s_conv.axilite_b2s/WR.aw_channel_0/aclk
    SLICE_X29Y99         FDRE                                         r  TRNG_BOCK_i/ps7_0_axi_periph/s00_couplers/auto_pc/inst/gen_axilite.gen_b2s_conv.axilite_b2s/WR.aw_channel_0/s_awid_r_reg[10]/C
                         clock pessimism             -0.035     1.176    
    SLICE_X29Y99         FDRE (Hold_fdre_C_D)         0.075     1.251    TRNG_BOCK_i/ps7_0_axi_periph/s00_couplers/auto_pc/inst/gen_axilite.gen_b2s_conv.axilite_b2s/WR.aw_channel_0/s_awid_r_reg[10]
  -------------------------------------------------------------------
                         required time                         -1.251    
                         arrival time                           1.332    
  -------------------------------------------------------------------
                         slack                                  0.081    

Slack (MET) :             0.083ns  (arrival time - required time)
  Source:                 TRNG_BOCK_i/ps7_0_axi_periph/s00_couplers/auto_pc/inst/gen_axilite.gen_b2s_conv.axilite_b2s/WR.aw_channel_0/s_awid_r_reg[6]/C
                            (rising edge-triggered cell FDRE clocked by clk_fpga_0  {rise@0.000ns fall@5.000ns period=10.000ns})
  Destination:            TRNG_BOCK_i/ps7_0_axi_periph/s00_couplers/auto_pc/inst/gen_axilite.gen_b2s_conv.axilite_b2s/WR.b_channel_0/bid_fifo_0/memory_reg[3][14]_srl4/D
                            (rising edge-triggered cell SRL16E clocked by clk_fpga_0  {rise@0.000ns fall@5.000ns period=10.000ns})
  Path Group:             clk_fpga_0
  Path Type:              Hold (Min at Fast Process Corner)
  Requirement:            0.000ns  (clk_fpga_0 rise@0.000ns - clk_fpga_0 rise@0.000ns)
  Data Path Delay:        0.357ns  (logic 0.141ns (39.493%)  route 0.216ns (60.507%))
  Logic Levels:           0  
  Clock Path Skew:        0.180ns (DCD - SCD - CPR)
    Destination Clock Delay (DCD):    1.210ns
    Source Clock Delay      (SCD):    0.995ns
    Clock Pessimism Removal (CPR):    0.035ns

    Location             Delay type                Incr(ns)  Path(ns)    Netlist Resource(s)
  -------------------------------------------------------------------    -------------------
                         (clock clk_fpga_0 rise edge)
                                                      0.000     0.000 r  
    PS7_X0Y0             PS7                          0.000     0.000 r  TRNG_BOCK_i/processing_system7_0/inst/PS7_i/FCLKCLK[0]
                         net (fo=1, routed)           0.310     0.310    TRNG_BOCK_i/processing_system7_0/inst/FCLK_CLK_unbuffered[0]
    BUFGCTRL_X0Y16       BUFG (Prop_bufg_I_O)         0.026     0.336 r  TRNG_BOCK_i/processing_system7_0/inst/buffer_fclk_clk_0.FCLK_CLK_0_BUFG/O
                         net (fo=712, routed)         0.659     0.995    TRNG_BOCK_i/ps7_0_axi_periph/s00_couplers/auto_pc/inst/gen_axilite.gen_b2s_conv.axilite_b2s/WR.aw_channel_0/aclk
    SLICE_X28Y100        FDRE                                         r  TRNG_BOCK_i/ps7_0_axi_periph/s00_couplers/auto_pc/inst/gen_axilite.gen_b2s_conv.axilite_b2s/WR.aw_channel_0/s_awid_r_reg[6]/C
  -------------------------------------------------------------------    -------------------
    SLICE_X28Y100        FDRE (Prop_fdre_C_Q)         0.141     1.136 r  TRNG_BOCK_i/ps7_0_axi_periph/s00_couplers/auto_pc/inst/gen_axilite.gen_b2s_conv.axilite_b2s/WR.aw_channel_0/s_awid_r_reg[6]/Q
                         net (fo=1, routed)           0.216     1.352    TRNG_BOCK_i/ps7_0_axi_periph/s00_couplers/auto_pc/inst/gen_axilite.gen_b2s_conv.axilite_b2s/WR.b_channel_0/bid_fifo_0/in[10]
    SLICE_X26Y99         SRL16E                                       r  TRNG_BOCK_i/ps7_0_axi_periph/s00_couplers/auto_pc/inst/gen_axilite.gen_b2s_conv.axilite_b2s/WR.b_channel_0/bid_fifo_0/memory_reg[3][14]_srl4/D
  -------------------------------------------------------------------    -------------------

                         (clock clk_fpga_0 rise edge)
                                                      0.000     0.000 r  
    PS7_X0Y0             PS7                          0.000     0.000 r  TRNG_BOCK_i/processing_system7_0/inst/PS7_i/FCLKCLK[0]
                         net (fo=1, routed)           0.337     0.337    TRNG_BOCK_i/processing_system7_0/inst/FCLK_CLK_unbuffered[0]
    BUFGCTRL_X0Y16       BUFG (Prop_bufg_I_O)         0.029     0.366 r  TRNG_BOCK_i/processing_system7_0/inst/buffer_fclk_clk_0.FCLK_CLK_0_BUFG/O
                         net (fo=712, routed)         0.844     1.210    TRNG_BOCK_i/ps7_0_axi_periph/s00_couplers/auto_pc/inst/gen_axilite.gen_b2s_conv.axilite_b2s/WR.b_channel_0/bid_fifo_0/aclk
    SLICE_X26Y99         SRL16E                                       r  TRNG_BOCK_i/ps7_0_axi_periph/s00_couplers/auto_pc/inst/gen_axilite.gen_b2s_conv.axilite_b2s/WR.b_channel_0/bid_fifo_0/memory_reg[3][14]_srl4/CLK
                         clock pessimism             -0.035     1.175    
    SLICE_X26Y99         SRL16E (Hold_srl16e_CLK_D)
                                                      0.094     1.269    TRNG_BOCK_i/ps7_0_axi_periph/s00_couplers/auto_pc/inst/gen_axilite.gen_b2s_conv.axilite_b2s/WR.b_channel_0/bid_fifo_0/memory_reg[3][14]_srl4
  -------------------------------------------------------------------
                         required time                         -1.269    
                         arrival time                           1.352    
  -------------------------------------------------------------------
                         slack                                  0.083    

Slack (MET) :             0.084ns  (arrival time - required time)
  Source:                 TRNG_BOCK_i/TRNG_IP_0/inst/TRNG_IP_v1_0_S00_AXI_inst/axi_rdata_reg[26]/C
                            (rising edge-triggered cell FDRE clocked by clk_fpga_0  {rise@0.000ns fall@5.000ns period=10.000ns})
  Destination:            TRNG_BOCK_i/ps7_0_axi_periph/s00_couplers/auto_pc/inst/gen_axilite.gen_b2s_conv.axilite_b2s/RD.r_channel_0/rd_data_fifo_0/memory_reg[31][26]_srl32/D
                            (rising edge-triggered cell SRLC32E clocked by clk_fpga_0  {rise@0.000ns fall@5.000ns period=10.000ns})
  Path Group:             clk_fpga_0
  Path Type:              Hold (Min at Fast Process Corner)
  Requirement:            0.000ns  (clk_fpga_0 rise@0.000ns - clk_fpga_0 rise@0.000ns)
  Data Path Delay:        0.300ns  (logic 0.141ns (47.015%)  route 0.159ns (52.985%))
  Logic Levels:           0  
  Clock Path Skew:        0.033ns (DCD - SCD - CPR)
    Destination Clock Delay (DCD):    1.209ns
    Source Clock Delay      (SCD):    0.912ns
    Clock Pessimism Removal (CPR):    0.264ns

    Location             Delay type                Incr(ns)  Path(ns)    Netlist Resource(s)
  -------------------------------------------------------------------    -------------------
                         (clock clk_fpga_0 rise edge)
                                                      0.000     0.000 r  
    PS7_X0Y0             PS7                          0.000     0.000 r  TRNG_BOCK_i/processing_system7_0/inst/PS7_i/FCLKCLK[0]
                         net (fo=1, routed)           0.310     0.310    TRNG_BOCK_i/processing_system7_0/inst/FCLK_CLK_unbuffered[0]
    BUFGCTRL_X0Y16       BUFG (Prop_bufg_I_O)         0.026     0.336 r  TRNG_BOCK_i/processing_system7_0/inst/buffer_fclk_clk_0.FCLK_CLK_0_BUFG/O
                         net (fo=712, routed)         0.576     0.912    TRNG_BOCK_i/TRNG_IP_0/inst/TRNG_IP_v1_0_S00_AXI_inst/s00_axi_aclk
    SLICE_X31Y96         FDRE                                         r  TRNG_BOCK_i/TRNG_IP_0/inst/TRNG_IP_v1_0_S00_AXI_inst/axi_rdata_reg[26]/C
  -------------------------------------------------------------------    -------------------
    SLICE_X31Y96         FDRE (Prop_fdre_C_Q)         0.141     1.053 r  TRNG_BOCK_i/TRNG_IP_0/inst/TRNG_IP_v1_0_S00_AXI_inst/axi_rdata_reg[26]/Q
                         net (fo=1, routed)           0.159     1.212    TRNG_BOCK_i/ps7_0_axi_periph/s00_couplers/auto_pc/inst/gen_axilite.gen_b2s_conv.axilite_b2s/RD.r_channel_0/rd_data_fifo_0/in[26]
    SLICE_X26Y94         SRLC32E                                      r  TRNG_BOCK_i/ps7_0_axi_periph/s00_couplers/auto_pc/inst/gen_axilite.gen_b2s_conv.axilite_b2s/RD.r_channel_0/rd_data_fifo_0/memory_reg[31][26]_srl32/D
  -------------------------------------------------------------------    -------------------

                         (clock clk_fpga_0 rise edge)
                                                      0.000     0.000 r  
    PS7_X0Y0             PS7                          0.000     0.000 r  TRNG_BOCK_i/processing_system7_0/inst/PS7_i/FCLKCLK[0]
                         net (fo=1, routed)           0.337     0.337    TRNG_BOCK_i/processing_system7_0/inst/FCLK_CLK_unbuffered[0]
    BUFGCTRL_X0Y16       BUFG (Prop_bufg_I_O)         0.029     0.366 r  TRNG_BOCK_i/processing_system7_0/inst/buffer_fclk_clk_0.FCLK_CLK_0_BUFG/O
                         net (fo=712, routed)         0.843     1.209    TRNG_BOCK_i/ps7_0_axi_periph/s00_couplers/auto_pc/inst/gen_axilite.gen_b2s_conv.axilite_b2s/RD.r_channel_0/rd_data_fifo_0/aclk
    SLICE_X26Y94         SRLC32E                                      r  TRNG_BOCK_i/ps7_0_axi_periph/s00_couplers/auto_pc/inst/gen_axilite.gen_b2s_conv.axilite_b2s/RD.r_channel_0/rd_data_fifo_0/memory_reg[31][26]_srl32/CLK
                         clock pessimism             -0.264     0.945    
    SLICE_X26Y94         SRLC32E (Hold_srlc32e_CLK_D)
                                                      0.183     1.128    TRNG_BOCK_i/ps7_0_axi_periph/s00_couplers/auto_pc/inst/gen_axilite.gen_b2s_conv.axilite_b2s/RD.r_channel_0/rd_data_fifo_0/memory_reg[31][26]_srl32
  -------------------------------------------------------------------
                         required time                         -1.128    
                         arrival time                           1.212    
  -------------------------------------------------------------------
                         slack                                  0.084    

Slack (MET) :             0.087ns  (arrival time - required time)
  Source:                 TRNG_BOCK_i/ps7_0_axi_periph/s00_couplers/auto_pc/inst/gen_axilite.gen_b2s_conv.axilite_b2s/SI_REG/b.b_pipe/skid_buffer_reg[9]/C
                            (rising edge-triggered cell FDRE clocked by clk_fpga_0  {rise@0.000ns fall@5.000ns period=10.000ns})
  Destination:            TRNG_BOCK_i/ps7_0_axi_periph/s00_couplers/auto_pc/inst/gen_axilite.gen_b2s_conv.axilite_b2s/SI_REG/b.b_pipe/m_payload_i_reg[9]/D
                            (rising edge-triggered cell FDRE clocked by clk_fpga_0  {rise@0.000ns fall@5.000ns period=10.000ns})
  Path Group:             clk_fpga_0
  Path Type:              Hold (Min at Fast Process Corner)
  Requirement:            0.000ns  (clk_fpga_0 rise@0.000ns - clk_fpga_0 rise@0.000ns)
  Data Path Delay:        0.377ns  (logic 0.230ns (61.022%)  route 0.147ns (38.978%))
  Logic Levels:           1  (LUT3=1)
  Clock Path Skew:        0.183ns (DCD - SCD - CPR)
    Destination Clock Delay (DCD):    1.210ns
    Source Clock Delay      (SCD):    0.992ns
    Clock Pessimism Removal (CPR):    0.035ns

    Location             Delay type                Incr(ns)  Path(ns)    Netlist Resource(s)
  -------------------------------------------------------------------    -------------------
                         (clock clk_fpga_0 rise edge)
                                                      0.000     0.000 r  
    PS7_X0Y0             PS7                          0.000     0.000 r  TRNG_BOCK_i/processing_system7_0/inst/PS7_i/FCLKCLK[0]
                         net (fo=1, routed)           0.310     0.310    TRNG_BOCK_i/processing_system7_0/inst/FCLK_CLK_unbuffered[0]
    BUFGCTRL_X0Y16       BUFG (Prop_bufg_I_O)         0.026     0.336 r  TRNG_BOCK_i/processing_system7_0/inst/buffer_fclk_clk_0.FCLK_CLK_0_BUFG/O
                         net (fo=712, routed)         0.656     0.992    TRNG_BOCK_i/ps7_0_axi_periph/s00_couplers/auto_pc/inst/gen_axilite.gen_b2s_conv.axilite_b2s/SI_REG/b.b_pipe/aclk
    SLICE_X27Y100        FDRE                                         r  TRNG_BOCK_i/ps7_0_axi_periph/s00_couplers/auto_pc/inst/gen_axilite.gen_b2s_conv.axilite_b2s/SI_REG/b.b_pipe/skid_buffer_reg[9]/C
  -------------------------------------------------------------------    -------------------
    SLICE_X27Y100        FDRE (Prop_fdre_C_Q)         0.128     1.120 r  TRNG_BOCK_i/ps7_0_axi_periph/s00_couplers/auto_pc/inst/gen_axilite.gen_b2s_conv.axilite_b2s/SI_REG/b.b_pipe/skid_buffer_reg[9]/Q
                         net (fo=1, routed)           0.147     1.267    TRNG_BOCK_i/ps7_0_axi_periph/s00_couplers/auto_pc/inst/gen_axilite.gen_b2s_conv.axilite_b2s/SI_REG/b.b_pipe/skid_buffer_reg_n_0_[9]
    SLICE_X27Y99         LUT3 (Prop_lut3_I2_O)        0.102     1.369 r  TRNG_BOCK_i/ps7_0_axi_periph/s00_couplers/auto_pc/inst/gen_axilite.gen_b2s_conv.axilite_b2s/SI_REG/b.b_pipe/m_payload_i[9]_i_1__1/O
                         net (fo=1, routed)           0.000     1.369    TRNG_BOCK_i/ps7_0_axi_periph/s00_couplers/auto_pc/inst/gen_axilite.gen_b2s_conv.axilite_b2s/SI_REG/b.b_pipe/m_payload_i[9]_i_1__1_n_0
    SLICE_X27Y99         FDRE                                         r  TRNG_BOCK_i/ps7_0_axi_periph/s00_couplers/auto_pc/inst/gen_axilite.gen_b2s_conv.axilite_b2s/SI_REG/b.b_pipe/m_payload_i_reg[9]/D
  -------------------------------------------------------------------    -------------------

                         (clock clk_fpga_0 rise edge)
                                                      0.000     0.000 r  
    PS7_X0Y0             PS7                          0.000     0.000 r  TRNG_BOCK_i/processing_system7_0/inst/PS7_i/FCLKCLK[0]
                         net (fo=1, routed)           0.337     0.337    TRNG_BOCK_i/processing_system7_0/inst/FCLK_CLK_unbuffered[0]
    BUFGCTRL_X0Y16       BUFG (Prop_bufg_I_O)         0.029     0.366 r  TRNG_BOCK_i/processing_system7_0/inst/buffer_fclk_clk_0.FCLK_CLK_0_BUFG/O
                         net (fo=712, routed)         0.844     1.210    TRNG_BOCK_i/ps7_0_axi_periph/s00_couplers/auto_pc/inst/gen_axilite.gen_b2s_conv.axilite_b2s/SI_REG/b.b_pipe/aclk
    SLICE_X27Y99         FDRE                                         r  TRNG_BOCK_i/ps7_0_axi_periph/s00_couplers/auto_pc/inst/gen_axilite.gen_b2s_conv.axilite_b2s/SI_REG/b.b_pipe/m_payload_i_reg[9]/C
                         clock pessimism             -0.035     1.175    
    SLICE_X27Y99         FDRE (Hold_fdre_C_D)         0.107     1.282    TRNG_BOCK_i/ps7_0_axi_periph/s00_couplers/auto_pc/inst/gen_axilite.gen_b2s_conv.axilite_b2s/SI_REG/b.b_pipe/m_payload_i_reg[9]
  -------------------------------------------------------------------
                         required time                         -1.282    
                         arrival time                           1.369    
  -------------------------------------------------------------------
                         slack                                  0.087    

Slack (MET) :             0.089ns  (arrival time - required time)
  Source:                 TRNG_BOCK_i/ps7_0_axi_periph/s00_couplers/auto_pc/inst/gen_axilite.gen_b2s_conv.axilite_b2s/SI_REG/aw.aw_pipe/m_payload_i_reg[54]/C
                            (rising edge-triggered cell FDRE clocked by clk_fpga_0  {rise@0.000ns fall@5.000ns period=10.000ns})
  Destination:            TRNG_BOCK_i/ps7_0_axi_periph/s00_couplers/auto_pc/inst/gen_axilite.gen_b2s_conv.axilite_b2s/WR.aw_channel_0/s_awid_r_reg[4]/D
                            (rising edge-triggered cell FDRE clocked by clk_fpga_0  {rise@0.000ns fall@5.000ns period=10.000ns})
  Path Group:             clk_fpga_0
  Path Type:              Hold (Min at Fast Process Corner)
  Requirement:            0.000ns  (clk_fpga_0 rise@0.000ns - clk_fpga_0 rise@0.000ns)
  Data Path Delay:        0.338ns  (logic 0.164ns (48.460%)  route 0.174ns (51.540%))
  Logic Levels:           0  
  Clock Path Skew:        0.184ns (DCD - SCD - CPR)
    Destination Clock Delay (DCD):    1.211ns
    Source Clock Delay      (SCD):    0.992ns
    Clock Pessimism Removal (CPR):    0.035ns

    Location             Delay type                Incr(ns)  Path(ns)    Netlist Resource(s)
  -------------------------------------------------------------------    -------------------
                         (clock clk_fpga_0 rise edge)
                                                      0.000     0.000 r  
    PS7_X0Y0             PS7                          0.000     0.000 r  TRNG_BOCK_i/processing_system7_0/inst/PS7_i/FCLKCLK[0]
                         net (fo=1, routed)           0.310     0.310    TRNG_BOCK_i/processing_system7_0/inst/FCLK_CLK_unbuffered[0]
    BUFGCTRL_X0Y16       BUFG (Prop_bufg_I_O)         0.026     0.336 r  TRNG_BOCK_i/processing_system7_0/inst/buffer_fclk_clk_0.FCLK_CLK_0_BUFG/O
                         net (fo=712, routed)         0.656     0.992    TRNG_BOCK_i/ps7_0_axi_periph/s00_couplers/auto_pc/inst/gen_axilite.gen_b2s_conv.axilite_b2s/SI_REG/aw.aw_pipe/aclk
    SLICE_X26Y100        FDRE                                         r  TRNG_BOCK_i/ps7_0_axi_periph/s00_couplers/auto_pc/inst/gen_axilite.gen_b2s_conv.axilite_b2s/SI_REG/aw.aw_pipe/m_payload_i_reg[54]/C
  -------------------------------------------------------------------    -------------------
    SLICE_X26Y100        FDRE (Prop_fdre_C_Q)         0.164     1.156 r  TRNG_BOCK_i/ps7_0_axi_periph/s00_couplers/auto_pc/inst/gen_axilite.gen_b2s_conv.axilite_b2s/SI_REG/aw.aw_pipe/m_payload_i_reg[54]/Q
                         net (fo=1, routed)           0.174     1.330    TRNG_BOCK_i/ps7_0_axi_periph/s00_couplers/auto_pc/inst/gen_axilite.gen_b2s_conv.axilite_b2s/WR.aw_channel_0/Q[24]
    SLICE_X28Y99         FDRE                                         r  TRNG_BOCK_i/ps7_0_axi_periph/s00_couplers/auto_pc/inst/gen_axilite.gen_b2s_conv.axilite_b2s/WR.aw_channel_0/s_awid_r_reg[4]/D
  -------------------------------------------------------------------    -------------------

                         (clock clk_fpga_0 rise edge)
                                                      0.000     0.000 r  
    PS7_X0Y0             PS7                          0.000     0.000 r  TRNG_BOCK_i/processing_system7_0/inst/PS7_i/FCLKCLK[0]
                         net (fo=1, routed)           0.337     0.337    TRNG_BOCK_i/processing_system7_0/inst/FCLK_CLK_unbuffered[0]
    BUFGCTRL_X0Y16       BUFG (Prop_bufg_I_O)         0.029     0.366 r  TRNG_BOCK_i/processing_system7_0/inst/buffer_fclk_clk_0.FCLK_CLK_0_BUFG/O
                         net (fo=712, routed)         0.845     1.211    TRNG_BOCK_i/ps7_0_axi_periph/s00_couplers/auto_pc/inst/gen_axilite.gen_b2s_conv.axilite_b2s/WR.aw_channel_0/aclk
    SLICE_X28Y99         FDRE                                         r  TRNG_BOCK_i/ps7_0_axi_periph/s00_couplers/auto_pc/inst/gen_axilite.gen_b2s_conv.axilite_b2s/WR.aw_channel_0/s_awid_r_reg[4]/C
                         clock pessimism             -0.035     1.176    
    SLICE_X28Y99         FDRE (Hold_fdre_C_D)         0.066     1.242    TRNG_BOCK_i/ps7_0_axi_periph/s00_couplers/auto_pc/inst/gen_axilite.gen_b2s_conv.axilite_b2s/WR.aw_channel_0/s_awid_r_reg[4]
  -------------------------------------------------------------------
                         required time                         -1.242    
                         arrival time                           1.330    
  -------------------------------------------------------------------
                         slack                                  0.089    

Slack (MET) :             0.097ns  (arrival time - required time)
  Source:                 TRNG_BOCK_i/TRNG_IP_0/inst/TRNG_IP_v1_0_S00_AXI_inst/axi_rdata_reg[9]/C
                            (rising edge-triggered cell FDRE clocked by clk_fpga_0  {rise@0.000ns fall@5.000ns period=10.000ns})
  Destination:            TRNG_BOCK_i/ps7_0_axi_periph/s00_couplers/auto_pc/inst/gen_axilite.gen_b2s_conv.axilite_b2s/RD.r_channel_0/rd_data_fifo_0/memory_reg[31][9]_srl32/D
                            (rising edge-triggered cell SRLC32E clocked by clk_fpga_0  {rise@0.000ns fall@5.000ns period=10.000ns})
  Path Group:             clk_fpga_0
  Path Type:              Hold (Min at Fast Process Corner)
  Requirement:            0.000ns  (clk_fpga_0 rise@0.000ns - clk_fpga_0 rise@0.000ns)
  Data Path Delay:        0.313ns  (logic 0.141ns (45.032%)  route 0.172ns (54.968%))
  Logic Levels:           0  
  Clock Path Skew:        0.033ns (DCD - SCD - CPR)
    Destination Clock Delay (DCD):    1.208ns
    Source Clock Delay      (SCD):    0.911ns
    Clock Pessimism Removal (CPR):    0.264ns

    Location             Delay type                Incr(ns)  Path(ns)    Netlist Resource(s)
  -------------------------------------------------------------------    -------------------
                         (clock clk_fpga_0 rise edge)
                                                      0.000     0.000 r  
    PS7_X0Y0             PS7                          0.000     0.000 r  TRNG_BOCK_i/processing_system7_0/inst/PS7_i/FCLKCLK[0]
                         net (fo=1, routed)           0.310     0.310    TRNG_BOCK_i/processing_system7_0/inst/FCLK_CLK_unbuffered[0]
    BUFGCTRL_X0Y16       BUFG (Prop_bufg_I_O)         0.026     0.336 r  TRNG_BOCK_i/processing_system7_0/inst/buffer_fclk_clk_0.FCLK_CLK_0_BUFG/O
                         net (fo=712, routed)         0.575     0.911    TRNG_BOCK_i/TRNG_IP_0/inst/TRNG_IP_v1_0_S00_AXI_inst/s00_axi_aclk
    SLICE_X31Y92         FDRE                                         r  TRNG_BOCK_i/TRNG_IP_0/inst/TRNG_IP_v1_0_S00_AXI_inst/axi_rdata_reg[9]/C
  -------------------------------------------------------------------    -------------------
    SLICE_X31Y92         FDRE (Prop_fdre_C_Q)         0.141     1.052 r  TRNG_BOCK_i/TRNG_IP_0/inst/TRNG_IP_v1_0_S00_AXI_inst/axi_rdata_reg[9]/Q
                         net (fo=1, routed)           0.172     1.224    TRNG_BOCK_i/ps7_0_axi_periph/s00_couplers/auto_pc/inst/gen_axilite.gen_b2s_conv.axilite_b2s/RD.r_channel_0/rd_data_fifo_0/in[9]
    SLICE_X26Y91         SRLC32E                                      r  TRNG_BOCK_i/ps7_0_axi_periph/s00_couplers/auto_pc/inst/gen_axilite.gen_b2s_conv.axilite_b2s/RD.r_channel_0/rd_data_fifo_0/memory_reg[31][9]_srl32/D
  -------------------------------------------------------------------    -------------------

                         (clock clk_fpga_0 rise edge)
                                                      0.000     0.000 r  
    PS7_X0Y0             PS7                          0.000     0.000 r  TRNG_BOCK_i/processing_system7_0/inst/PS7_i/FCLKCLK[0]
                         net (fo=1, routed)           0.337     0.337    TRNG_BOCK_i/processing_system7_0/inst/FCLK_CLK_unbuffered[0]
    BUFGCTRL_X0Y16       BUFG (Prop_bufg_I_O)         0.029     0.366 r  TRNG_BOCK_i/processing_system7_0/inst/buffer_fclk_clk_0.FCLK_CLK_0_BUFG/O
                         net (fo=712, routed)         0.842     1.208    TRNG_BOCK_i/ps7_0_axi_periph/s00_couplers/auto_pc/inst/gen_axilite.gen_b2s_conv.axilite_b2s/RD.r_channel_0/rd_data_fifo_0/aclk
    SLICE_X26Y91         SRLC32E                                      r  TRNG_BOCK_i/ps7_0_axi_periph/s00_couplers/auto_pc/inst/gen_axilite.gen_b2s_conv.axilite_b2s/RD.r_channel_0/rd_data_fifo_0/memory_reg[31][9]_srl32/CLK
                         clock pessimism             -0.264     0.944    
    SLICE_X26Y91         SRLC32E (Hold_srlc32e_CLK_D)
                                                      0.183     1.127    TRNG_BOCK_i/ps7_0_axi_periph/s00_couplers/auto_pc/inst/gen_axilite.gen_b2s_conv.axilite_b2s/RD.r_channel_0/rd_data_fifo_0/memory_reg[31][9]_srl32
  -------------------------------------------------------------------
                         required time                         -1.127    
                         arrival time                           1.224    
  -------------------------------------------------------------------
                         slack                                  0.097    

Slack (MET) :             0.099ns  (arrival time - required time)
  Source:                 TRNG_BOCK_i/TRNG_IP_0/inst/TRNG_IP_v1_0_S00_AXI_inst/axi_rdata_reg[6]/C
                            (rising edge-triggered cell FDRE clocked by clk_fpga_0  {rise@0.000ns fall@5.000ns period=10.000ns})
  Destination:            TRNG_BOCK_i/ps7_0_axi_periph/s00_couplers/auto_pc/inst/gen_axilite.gen_b2s_conv.axilite_b2s/RD.r_channel_0/rd_data_fifo_0/memory_reg[31][6]_srl32/D
                            (rising edge-triggered cell SRLC32E clocked by clk_fpga_0  {rise@0.000ns fall@5.000ns period=10.000ns})
  Path Group:             clk_fpga_0
  Path Type:              Hold (Min at Fast Process Corner)
  Requirement:            0.000ns  (clk_fpga_0 rise@0.000ns - clk_fpga_0 rise@0.000ns)
  Data Path Delay:        0.298ns  (logic 0.141ns (47.321%)  route 0.157ns (52.679%))
  Logic Levels:           0  
  Clock Path Skew:        0.016ns (DCD - SCD - CPR)
    Destination Clock Delay (DCD):    1.208ns
    Source Clock Delay      (SCD):    0.910ns
    Clock Pessimism Removal (CPR):    0.282ns

    Location             Delay type                Incr(ns)  Path(ns)    Netlist Resource(s)
  -------------------------------------------------------------------    -------------------
                         (clock clk_fpga_0 rise edge)
                                                      0.000     0.000 r  
    PS7_X0Y0             PS7                          0.000     0.000 r  TRNG_BOCK_i/processing_system7_0/inst/PS7_i/FCLKCLK[0]
                         net (fo=1, routed)           0.310     0.310    TRNG_BOCK_i/processing_system7_0/inst/FCLK_CLK_unbuffered[0]
    BUFGCTRL_X0Y16       BUFG (Prop_bufg_I_O)         0.026     0.336 r  TRNG_BOCK_i/processing_system7_0/inst/buffer_fclk_clk_0.FCLK_CLK_0_BUFG/O
                         net (fo=712, routed)         0.574     0.910    TRNG_BOCK_i/TRNG_IP_0/inst/TRNG_IP_v1_0_S00_AXI_inst/s00_axi_aclk
    SLICE_X28Y89         FDRE                                         r  TRNG_BOCK_i/TRNG_IP_0/inst/TRNG_IP_v1_0_S00_AXI_inst/axi_rdata_reg[6]/C
  -------------------------------------------------------------------    -------------------
    SLICE_X28Y89         FDRE (Prop_fdre_C_Q)         0.141     1.051 r  TRNG_BOCK_i/TRNG_IP_0/inst/TRNG_IP_v1_0_S00_AXI_inst/axi_rdata_reg[6]/Q
                         net (fo=1, routed)           0.157     1.208    TRNG_BOCK_i/ps7_0_axi_periph/s00_couplers/auto_pc/inst/gen_axilite.gen_b2s_conv.axilite_b2s/RD.r_channel_0/rd_data_fifo_0/in[6]
    SLICE_X30Y89         SRLC32E                                      r  TRNG_BOCK_i/ps7_0_axi_periph/s00_couplers/auto_pc/inst/gen_axilite.gen_b2s_conv.axilite_b2s/RD.r_channel_0/rd_data_fifo_0/memory_reg[31][6]_srl32/D
  -------------------------------------------------------------------    -------------------

                         (clock clk_fpga_0 rise edge)
                                                      0.000     0.000 r  
    PS7_X0Y0             PS7                          0.000     0.000 r  TRNG_BOCK_i/processing_system7_0/inst/PS7_i/FCLKCLK[0]
                         net (fo=1, routed)           0.337     0.337    TRNG_BOCK_i/processing_system7_0/inst/FCLK_CLK_unbuffered[0]
    BUFGCTRL_X0Y16       BUFG (Prop_bufg_I_O)         0.029     0.366 r  TRNG_BOCK_i/processing_system7_0/inst/buffer_fclk_clk_0.FCLK_CLK_0_BUFG/O
                         net (fo=712, routed)         0.842     1.208    TRNG_BOCK_i/ps7_0_axi_periph/s00_couplers/auto_pc/inst/gen_axilite.gen_b2s_conv.axilite_b2s/RD.r_channel_0/rd_data_fifo_0/aclk
    SLICE_X30Y89         SRLC32E                                      r  TRNG_BOCK_i/ps7_0_axi_periph/s00_couplers/auto_pc/inst/gen_axilite.gen_b2s_conv.axilite_b2s/RD.r_channel_0/rd_data_fifo_0/memory_reg[31][6]_srl32/CLK
                         clock pessimism             -0.282     0.926    
    SLICE_X30Y89         SRLC32E (Hold_srlc32e_CLK_D)
                                                      0.183     1.109    TRNG_BOCK_i/ps7_0_axi_periph/s00_couplers/auto_pc/inst/gen_axilite.gen_b2s_conv.axilite_b2s/RD.r_channel_0/rd_data_fifo_0/memory_reg[31][6]_srl32
  -------------------------------------------------------------------
                         required time                         -1.109    
                         arrival time                           1.208    
  -------------------------------------------------------------------
                         slack                                  0.099    





Pulse Width Checks
--------------------------------------------------------------------------------------
Clock Name:         clk_fpga_0
Waveform(ns):       { 0.000 5.000 }
Period(ns):         10.000
Sources:            { TRNG_BOCK_i/processing_system7_0/inst/PS7_i/FCLKCLK[0] }

Check Type        Corner  Lib Pin      Reference Pin  Required(ns)  Actual(ns)  Slack(ns)  Location        Pin
Min Period        n/a     BUFG/I       n/a            2.155         10.000      7.845      BUFGCTRL_X0Y16  TRNG_BOCK_i/processing_system7_0/inst/buffer_fclk_clk_0.FCLK_CLK_0_BUFG/I
Min Period        n/a     FDRE/C       n/a            1.000         10.000      9.000      SLICE_X36Y91    TRNG_BOCK_i/S_TRNG_0/inst/xor1_tmp_reg/C
Min Period        n/a     FDRE/C       n/a            1.000         10.000      9.000      SLICE_X36Y91    TRNG_BOCK_i/S_TRNG_0/inst/xor2_tmp_reg/C
Min Period        n/a     FDRE/C       n/a            1.000         10.000      9.000      SLICE_X36Y91    TRNG_BOCK_i/S_TRNG_0/inst/xor3_tmp_reg/C
Min Period        n/a     FDRE/C       n/a            1.000         10.000      9.000      SLICE_X36Y91    TRNG_BOCK_i/S_TRNG_0/inst/xor4_tmp_reg/C
Min Period        n/a     FDSE/C       n/a            1.000         10.000      9.000      SLICE_X28Y97    TRNG_BOCK_i/TRNG_IP_0/inst/TRNG_IP_v1_0_S00_AXI_inst/aw_en_reg/C
Min Period        n/a     FDRE/C       n/a            1.000         10.000      9.000      SLICE_X28Y86    TRNG_BOCK_i/TRNG_IP_0/inst/TRNG_IP_v1_0_S00_AXI_inst/axi_araddr_reg[2]/C
Min Period        n/a     FDRE/C       n/a            1.000         10.000      9.000      SLICE_X30Y88    TRNG_BOCK_i/TRNG_IP_0/inst/TRNG_IP_v1_0_S00_AXI_inst/axi_araddr_reg[3]/C
Min Period        n/a     FDRE/C       n/a            1.000         10.000      9.000      SLICE_X28Y86    TRNG_BOCK_i/TRNG_IP_0/inst/TRNG_IP_v1_0_S00_AXI_inst/axi_arready_reg/C
Min Period        n/a     FDRE/C       n/a            1.000         10.000      9.000      SLICE_X31Y95    TRNG_BOCK_i/TRNG_IP_0/inst/TRNG_IP_v1_0_S00_AXI_inst/shift_reg_reg[25]/C
Low Pulse Width   Fast    SRL16E/CLK   n/a            0.980         5.000       4.020      SLICE_X34Y98    TRNG_BOCK_i/ps7_0_axi_periph/s00_couplers/auto_pc/inst/gen_axilite.gen_b2s_conv.axilite_b2s/WR.b_channel_0/bid_fifo_0/memory_reg[3][0]_srl4/CLK
Low Pulse Width   Slow    SRL16E/CLK   n/a            0.980         5.000       4.020      SLICE_X26Y98    TRNG_BOCK_i/ps7_0_axi_periph/s00_couplers/auto_pc/inst/gen_axilite.gen_b2s_conv.axilite_b2s/WR.b_channel_0/bid_fifo_0/memory_reg[3][10]_srl4/CLK
Low Pulse Width   Slow    SRL16E/CLK   n/a            0.980         5.000       4.020      SLICE_X26Y98    TRNG_BOCK_i/ps7_0_axi_periph/s00_couplers/auto_pc/inst/gen_axilite.gen_b2s_conv.axilite_b2s/WR.b_channel_0/bid_fifo_0/memory_reg[3][11]_srl4/CLK
Low Pulse Width   Slow    SRL16E/CLK   n/a            0.980         5.000       4.020      SLICE_X26Y99    TRNG_BOCK_i/ps7_0_axi_periph/s00_couplers/auto_pc/inst/gen_axilite.gen_b2s_conv.axilite_b2s/WR.b_channel_0/bid_fifo_0/memory_reg[3][12]_srl4/CLK
Low Pulse Width   Slow    SRL16E/CLK   n/a            0.980         5.000       4.020      SLICE_X26Y99    TRNG_BOCK_i/ps7_0_axi_periph/s00_couplers/auto_pc/inst/gen_axilite.gen_b2s_conv.axilite_b2s/WR.b_channel_0/bid_fifo_0/memory_reg[3][13]_srl4/CLK
Low Pulse Width   Slow    SRL16E/CLK   n/a            0.980         5.000       4.020      SLICE_X26Y99    TRNG_BOCK_i/ps7_0_axi_periph/s00_couplers/auto_pc/inst/gen_axilite.gen_b2s_conv.axilite_b2s/WR.b_channel_0/bid_fifo_0/memory_reg[3][14]_srl4/CLK
Low Pulse Width   Slow    SRL16E/CLK   n/a            0.980         5.000       4.020      SLICE_X26Y99    TRNG_BOCK_i/ps7_0_axi_periph/s00_couplers/auto_pc/inst/gen_axilite.gen_b2s_conv.axilite_b2s/WR.b_channel_0/bid_fifo_0/memory_reg[3][15]_srl4/CLK
Low Pulse Width   Slow    SRL16E/CLK   n/a            0.980         5.000       4.020      SLICE_X26Y99    TRNG_BOCK_i/ps7_0_axi_periph/s00_couplers/auto_pc/inst/gen_axilite.gen_b2s_conv.axilite_b2s/WR.b_channel_0/bid_fifo_0/memory_reg[3][16]_srl4/CLK
Low Pulse Width   Slow    SRL16E/CLK   n/a            0.980         5.000       4.020      SLICE_X26Y99    TRNG_BOCK_i/ps7_0_axi_periph/s00_couplers/auto_pc/inst/gen_axilite.gen_b2s_conv.axilite_b2s/WR.b_channel_0/bid_fifo_0/memory_reg[3][17]_srl4/CLK
Low Pulse Width   Slow    SRL16E/CLK   n/a            0.980         5.000       4.020      SLICE_X26Y99    TRNG_BOCK_i/ps7_0_axi_periph/s00_couplers/auto_pc/inst/gen_axilite.gen_b2s_conv.axilite_b2s/WR.b_channel_0/bid_fifo_0/memory_reg[3][18]_srl4/CLK
High Pulse Width  Slow    SRLC32E/CLK  n/a            0.980         5.000       4.020      SLICE_X30Y90    TRNG_BOCK_i/ps7_0_axi_periph/s00_couplers/auto_pc/inst/gen_axilite.gen_b2s_conv.axilite_b2s/RD.r_channel_0/rd_data_fifo_0/memory_reg[31][4]_srl32/CLK
High Pulse Width  Slow    SRLC32E/CLK  n/a            0.980         5.000       4.020      SLICE_X30Y89    TRNG_BOCK_i/ps7_0_axi_periph/s00_couplers/auto_pc/inst/gen_axilite.gen_b2s_conv.axilite_b2s/RD.r_channel_0/rd_data_fifo_0/memory_reg[31][5]_srl32/CLK
High Pulse Width  Slow    SRLC32E/CLK  n/a            0.980         5.000       4.020      SLICE_X30Y89    TRNG_BOCK_i/ps7_0_axi_periph/s00_couplers/auto_pc/inst/gen_axilite.gen_b2s_conv.axilite_b2s/RD.r_channel_0/rd_data_fifo_0/memory_reg[31][6]_srl32/CLK
High Pulse Width  Slow    SRLC32E/CLK  n/a            0.980         5.000       4.020      SLICE_X26Y90    TRNG_BOCK_i/ps7_0_axi_periph/s00_couplers/auto_pc/inst/gen_axilite.gen_b2s_conv.axilite_b2s/RD.r_channel_0/rd_data_fifo_0/memory_reg[31][7]_srl32/CLK
High Pulse Width  Slow    SRLC32E/CLK  n/a            0.980         5.000       4.020      SLICE_X26Y90    TRNG_BOCK_i/ps7_0_axi_periph/s00_couplers/auto_pc/inst/gen_axilite.gen_b2s_conv.axilite_b2s/RD.r_channel_0/rd_data_fifo_0/memory_reg[31][8]_srl32/CLK
High Pulse Width  Slow    SRLC32E/CLK  n/a            0.980         5.000       4.020      SLICE_X26Y91    TRNG_BOCK_i/ps7_0_axi_periph/s00_couplers/auto_pc/inst/gen_axilite.gen_b2s_conv.axilite_b2s/RD.r_channel_0/rd_data_fifo_0/memory_reg[31][9]_srl32/CLK
High Pulse Width  Slow    SRL16E/CLK   n/a            0.980         5.000       4.020      SLICE_X34Y98    TRNG_BOCK_i/ps7_0_axi_periph/s00_couplers/auto_pc/inst/gen_axilite.gen_b2s_conv.axilite_b2s/WR.b_channel_0/bid_fifo_0/memory_reg[3][0]_srl4/CLK
High Pulse Width  Slow    SRL16E/CLK   n/a            0.980         5.000       4.020      SLICE_X34Y98    TRNG_BOCK_i/ps7_0_axi_periph/s00_couplers/auto_pc/inst/gen_axilite.gen_b2s_conv.axilite_b2s/WR.b_channel_0/bid_fifo_0/memory_reg[3][1]_srl4/CLK
High Pulse Width  Slow    SRL16E/CLK   n/a            0.980         5.000       4.020      SLICE_X34Y98    TRNG_BOCK_i/ps7_0_axi_periph/s00_couplers/auto_pc/inst/gen_axilite.gen_b2s_conv.axilite_b2s/WR.b_channel_0/bid_fifo_0/memory_reg[3][2]_srl4/CLK
High Pulse Width  Slow    SRLC32E/CLK  n/a            0.980         5.000       4.020      SLICE_X30Y86    TRNG_BOCK_i/ps7_0_axi_periph/s00_couplers/auto_pc/inst/gen_axilite.gen_b2s_conv.axilite_b2s/RD.r_channel_0/transaction_fifo_0/memory_reg[31][0]_srl32/CLK



